"user_id","product_id","action","timestamp"
"1","105","view","2026-04-07 11:40:08"
"1","9","view","2026-04-08 07:33:08"
"1","24","add_to_cart","2026-04-08 14:26:08"
"1","44","view","2026-04-10 05:11:08"
"1","104","click","2026-04-11 06:58:08"
"1","58","view","2026-04-14 08:41:08"
"1","129","view","2026-04-15 06:05:08"
"1","134","view","2026-04-11 19:39:08"
"2","52","click","2026-03-20 02:19:09"
"2","44","view","2026-03-21 16:43:09"
"2","161","view","2026-03-20 10:14:09"
"2","157","click","2026-03-20 19:31:09"
"2","42","view","2026-03-25 22:03:09"
"2","187","view","2026-03-28 05:47:09"
"2","76","view","2026-03-25 05:52:09"
"2","162","view","2026-04-02 06:59:09"
"3","50","view","2026-03-28 11:34:09"
"3","6","view","2026-03-29 04:23:09"
"3","44","view","2026-03-27 20:23:09"
"3","115","view","2026-03-27 06:51:09"
"3","20","click","2026-03-31 08:03:09"
"3","88","click","2026-03-27 08:35:09"
"3","142","view","2026-03-31 22:52:09"
"3","200","click","2026-03-30 17:23:09"
"4","100","view","2026-03-17 05:07:09"
"4","140","click","2026-03-16 08:45:09"
"4","151","click","2026-03-16 20:53:09"
"4","45","click","2026-03-19 06:43:09"
"4","57","click","2026-03-16 13:48:09"
"4","185","view","2026-03-18 22:17:09"
"4","164","view","2026-03-17 11:20:09"
"4","166","view","2026-03-28 20:27:09"
"5","114","view","2026-03-15 09:09:09"
"5","108","view","2026-03-14 22:23:09"
"5","79","view","2026-03-15 00:23:09"
"5","53","view","2026-03-18 19:55:09"
"5","109","view","2026-03-20 01:18:09"
"5","36","view","2026-03-18 02:47:09"
"5","66","click","2026-03-20 10:06:09"
"5","180","add_to_cart","2026-03-19 16:59:09"
"6","74","view","2026-04-04 01:00:09"
"6","90","click","2026-04-03 18:27:09"
"6","75","add_to_cart","2026-04-08 00:56:09"
"6","48","view","2026-04-05 12:47:09"
"6","119","view","2026-04-03 17:13:09"
"6","101","view","2026-04-12 15:41:09"
"6","57","view","2026-04-08 10:18:09"
"6","108","view","2026-04-07 15:39:09"
"7","111","add_to_cart","2026-04-14 08:32:09"
"7","172","view","2026-04-16 16:55:09"
"7","50","view","2026-04-17 10:14:09"
"7","165","view","2026-04-20 11:31:09"
"7","184","click","2026-04-21 01:03:09"
"7","20","view","2026-04-19 14:59:09"
"7","88","click","2026-04-14 07:34:09"
"7","81","view","2026-04-15 04:43:09"
"8","63","view","2026-03-16 03:52:09"
"8","20","view","2026-03-16 19:27:09"
"8","70","view","2026-03-15 17:11:09"
"8","152","view","2026-03-17 23:43:09"
"8","61","click","2026-03-21 11:33:09"
"8","163","view","2026-03-23 07:35:09"
"8","198","click","2026-03-15 05:35:09"
"8","76","view","2026-03-16 02:35:09"
"9","161","view","2026-04-01 11:47:09"
"9","165","click","2026-04-02 12:59:09"
"9","18","view","2026-04-05 09:56:09"
"9","118","view","2026-04-01 04:43:09"
"9","103","view","2026-04-07 14:08:09"
"9","104","click","2026-04-05 02:29:09"
"9","38","view","2026-04-03 05:25:09"
"9","193","click","2026-04-07 09:31:09"
"10","167","click","2026-03-28 04:11:09"
"10","156","view","2026-03-29 09:23:09"
"10","122","view","2026-03-27 12:38:09"
"10","113","view","2026-03-27 23:35:09"
"10","194","view","2026-04-02 17:48:09"
"10","163","view","2026-03-27 15:05:09"
"10","102","view","2026-03-28 15:04:09"
"10","9","click","2026-04-01 05:47:09"
"11","105","view","2026-03-30 15:56:09"
"11","126","click","2026-03-29 13:15:09"
"11","98","view","2026-03-31 16:17:09"
"11","43","view","2026-03-29 21:11:09"
"11","4","view","2026-04-01 15:08:09"
"11","105","view","2026-03-30 03:23:09"
"11","127","view","2026-04-09 07:35:09"
"11","85","view","2026-03-30 01:31:09"
"12","6","view","2026-04-08 03:47:09"
"12","197","view","2026-04-07 19:31:09"
"12","78","view","2026-04-09 03:14:09"
"12","30","click","2026-04-09 02:19:09"
"12","77","click","2026-04-13 17:23:09"
"12","126","view","2026-04-10 11:59:09"
"12","68","view","2026-04-08 19:23:09"
"12","17","view","2026-04-11 05:07:09"
"13","144","click","2026-04-15 03:33:09"
"13","138","view","2026-04-17 18:55:09"
"13","168","view","2026-04-18 18:59:09"
"13","196","view","2026-04-20 15:55:09"
"13","200","view","2026-04-15 07:58:09"
"13","143","view","2026-04-22 05:05:09"
"13","67","click","2026-04-20 09:01:09"
"13","122","click","2026-04-21 03:07:09"
"14","196","view","2026-03-09 03:36:09"
"14","152","view","2026-03-10 08:13:09"
"14","96","view","2026-03-14 00:26:09"
"14","143","click","2026-03-10 21:11:09"
"14","167","view","2026-03-14 15:28:09"
"14","199","view","2026-03-15 06:05:09"
"14","21","view","2026-03-17 18:34:09"
"14","25","view","2026-03-20 20:43:09"
"15","53","view","2026-04-13 11:15:09"
"15","102","view","2026-04-13 15:09:09"
"15","119","view","2026-04-15 20:29:09"
"15","62","view","2026-04-16 19:39:09"
"15","4","add_to_cart","2026-04-18 23:53:09"
"15","86","click","2026-04-17 16:59:09"
"15","33","view","2026-04-15 02:23:09"
"15","65","click","2026-04-18 05:55:09"
"16","196","click","2026-03-16 13:32:09"
"16","157","view","2026-03-17 18:19:09"
"16","159","click","2026-03-16 22:38:09"
"16","21","view","2026-03-21 11:27:09"
"16","189","add_to_cart","2026-03-16 03:23:09"
"16","88","view","2026-03-24 13:11:09"
"16","40","click","2026-03-23 03:22:09"
"16","1","view","2026-03-23 08:03:09"
"17","45","click","2026-03-20 01:52:09"
"17","105","view","2026-03-23 04:11:09"
"17","173","view","2026-03-22 12:32:09"
"17","128","view","2026-03-21 05:11:09"
"17","131","click","2026-03-22 00:53:09"
"17","60","click","2026-03-28 12:11:09"
"17","101","add_to_cart","2026-03-30 20:16:09"
"17","49","view","2026-03-31 09:23:09"
"18","11","view","2026-03-27 09:56:09"
"18","120","view","2026-03-28 05:41:09"
"18","161","view","2026-03-29 09:05:09"
"18","161","view","2026-03-29 13:43:09"
"18","149","click","2026-03-28 13:28:09"
"18","10","add_to_cart","2026-03-29 09:11:09"
"18","178","view","2026-04-05 16:30:09"
"18","162","view","2026-04-06 05:15:09"
"19","77","add_to_cart","2026-03-27 11:33:09"
"19","4","view","2026-03-28 01:49:09"
"19","49","click","2026-03-27 20:26:09"
"19","157","view","2026-04-01 02:47:09"
"19","185","view","2026-03-31 11:48:09"
"19","157","click","2026-04-01 23:35:09"
"19","20","click","2026-03-27 02:56:09"
"19","102","click","2026-04-06 05:39:09"
"20","126","view","2026-03-08 09:43:09"
"20","64","view","2026-03-07 11:21:09"
"20","122","view","2026-03-10 09:47:09"
"20","2","view","2026-03-09 02:55:09"
"20","172","click","2026-03-08 09:43:09"
"20","199","click","2026-03-10 05:35:09"
"20","82","click","2026-03-09 16:51:09"
"20","36","view","2026-03-08 05:23:09"
"21","5","click","2026-04-07 09:51:09"
"21","22","view","2026-04-08 12:23:09"
"21","42","view","2026-04-10 08:35:09"
"21","116","view","2026-04-10 07:03:09"
"21","161","click","2026-04-07 10:13:09"
"21","82","add_to_cart","2026-04-09 16:47:09"
"21","78","click","2026-04-08 01:41:09"
"21","168","view","2026-04-06 07:07:09"
"22","109","view","2026-04-12 09:27:09"
"22","157","click","2026-04-12 06:55:09"
"22","147","view","2026-04-14 10:14:09"
"22","109","click","2026-04-15 22:59:09"
"22","34","click","2026-04-17 20:28:09"
"22","189","view","2026-04-20 07:35:09"
"22","57","view","2026-04-11 17:50:09"
"22","69","click","2026-04-13 12:27:09"
"23","172","view","2026-04-09 09:55:09"
"23","162","click","2026-04-10 07:15:09"
"23","135","view","2026-04-08 07:50:09"
"23","9","click","2026-04-09 04:35:09"
"23","101","view","2026-04-09 16:48:09"
"23","101","add_to_cart","2026-04-11 10:47:09"
"23","144","view","2026-04-11 00:54:09"
"23","154","view","2026-04-18 17:31:09"
"24","55","view","2026-03-13 17:53:09"
"24","153","view","2026-03-14 01:17:09"
"24","29","view","2026-03-15 10:41:09"
"24","119","view","2026-03-15 03:27:09"
"24","48","view","2026-03-20 20:28:09"
"24","134","click","2026-03-17 09:41:09"
"24","48","view","2026-03-19 02:52:09"
"24","114","add_to_cart","2026-03-18 04:59:09"
"25","83","view","2026-03-29 03:32:09"
"25","17","click","2026-03-30 16:35:09"
"25","19","click","2026-03-28 03:08:09"
"25","164","click","2026-04-02 16:59:09"
"25","38","view","2026-03-29 09:18:09"
"25","152","click","2026-04-06 18:17:09"
"25","92","view","2026-03-28 09:19:09"
"25","131","view","2026-04-01 05:47:09"
"26","98","view","2026-03-24 14:10:09"
"26","119","view","2026-03-24 06:33:09"
"26","41","click","2026-03-27 11:50:09"
"26","30","add_to_cart","2026-03-23 13:39:09"
"26","85","view","2026-03-31 01:13:09"
"26","95","click","2026-03-31 15:23:09"
"26","36","click","2026-03-25 04:36:09"
"26","141","view","2026-04-03 15:23:09"
"27","99","view","2026-04-08 01:40:09"
"27","161","view","2026-04-10 08:29:09"
"27","139","click","2026-04-07 06:20:09"
"27","81","view","2026-04-08 23:19:09"
"27","75","view","2026-04-08 09:43:09"
"27","38","click","2026-04-16 14:29:09"
"27","15","view","2026-04-17 01:22:09"
"27","191","click","2026-04-10 04:43:09"
"28","37","view","2026-04-09 03:31:09"
"28","166","view","2026-04-09 17:03:09"
"28","129","view","2026-04-12 04:14:09"
"28","172","view","2026-04-10 22:07:09"
"28","161","view","2026-04-09 08:33:09"
"28","52","click","2026-04-11 11:41:09"
"28","164","view","2026-04-11 13:58:09"
"28","141","view","2026-04-09 09:47:09"
"29","56","view","2026-03-14 03:13:09"
"29","43","view","2026-03-16 17:09:09"
"29","106","view","2026-03-14 20:14:09"
"29","160","view","2026-03-14 06:19:09"
"29","126","click","2026-03-20 23:58:09"
"29","113","view","2026-03-19 16:47:09"
"29","126","click","2026-03-24 22:22:09"
"29","162","click","2026-03-22 02:19:09"
"30","187","view","2026-03-11 09:46:09"
"30","25","click","2026-03-11 19:21:09"
"30","194","view","2026-03-11 04:05:09"
"30","101","add_to_cart","2026-03-15 23:11:09"
"30","15","click","2026-03-12 06:08:09"
"30","5","view","2026-03-17 15:11:09"
"30","147","add_to_cart","2026-03-19 12:04:09"
"30","166","view","2026-03-16 03:55:09"
"31","24","view","2026-03-30 13:19:09"
"31","96","view","2026-03-30 04:27:09"
"31","60","click","2026-03-30 22:32:09"
"31","146","add_to_cart","2026-04-01 20:19:09"
"31","61","view","2026-04-04 16:38:09"
"31","187","add_to_cart","2026-04-01 16:53:09"
"31","93","click","2026-04-01 18:24:09"
"31","184","view","2026-04-10 19:23:09"
"32","37","add_to_cart","2026-03-15 07:27:09"
"32","63","view","2026-03-15 01:41:09"
"32","125","click","2026-03-19 14:53:09"
"32","59","click","2026-03-18 06:07:09"
"32","131","add_to_cart","2026-03-17 15:23:09"
"32","37","click","2026-03-17 16:53:09"
"32","121","click","2026-03-23 12:02:09"
"32","199","click","2026-03-23 21:23:09"
"33","123","add_to_cart","2026-03-11 21:05:09"
"33","144","view","2026-03-14 03:57:09"
"33","157","view","2026-03-13 16:32:09"
"33","103","click","2026-03-15 13:51:09"
"33","147","view","2026-03-17 20:58:09"
"33","185","view","2026-03-17 23:23:09"
"33","21","view","2026-03-22 09:41:09"
"33","50","view","2026-03-21 16:59:09"
"34","7","click","2026-03-18 09:36:09"
"34","69","view","2026-03-21 04:33:09"
"34","71","view","2026-03-19 06:53:09"
"34","93","click","2026-03-18 19:19:09"
"34","57","add_to_cart","2026-03-25 08:03:09"
"34","24","view","2026-03-20 23:29:09"
"34","190","click","2026-03-21 03:07:09"
"34","192","view","2026-03-27 05:47:09"
"35","92","view","2026-04-07 18:29:09"
"35","184","click","2026-04-09 14:15:09"
"35","193","click","2026-04-07 07:23:09"
"35","49","add_to_cart","2026-04-10 20:31:09"
"35","138","add_to_cart","2026-04-14 16:13:09"
"35","115","view","2026-04-16 08:29:09"
"35","131","view","2026-04-17 17:35:09"
"35","27","view","2026-04-12 17:15:09"
"36","50","view","2026-04-14 12:53:09"
"36","96","click","2026-04-15 11:09:09"
"36","199","view","2026-04-17 12:56:09"
"36","94","view","2026-04-18 17:27:09"
"36","6","view","2026-04-15 05:58:09"
"36","151","view","2026-04-22 07:29:09"
"36","90","click","2026-04-22 03:19:09"
"36","184","add_to_cart","2026-04-16 17:55:09"
"37","124","view","2026-03-19 15:40:09"
"37","35","click","2026-03-20 22:33:09"
"37","110","view","2026-03-20 14:14:09"
"37","28","click","2026-03-21 15:43:09"
"37","47","view","2026-03-23 15:08:09"
"37","42","click","2026-03-22 16:41:09"
"37","197","click","2026-03-22 09:04:09"
"37","196","add_to_cart","2026-03-23 00:43:09"
"38","119","view","2026-03-13 10:08:09"
"38","12","click","2026-03-13 04:45:09"
"38","128","view","2026-03-13 23:35:09"
"38","11","click","2026-03-16 22:47:09"
"38","117","view","2026-03-17 15:43:09"
"38","15","click","2026-03-16 12:47:09"
"38","103","view","2026-03-16 00:33:09"
"38","35","add_to_cart","2026-03-16 16:03:09"
"39","132","view","2026-04-15 15:11:09"
"39","144","view","2026-04-17 07:03:09"
"39","131","click","2026-04-19 11:35:09"
"39","86","click","2026-04-18 00:23:09"
"39","64","view","2026-04-17 01:08:09"
"39","148","view","2026-04-16 08:11:09"
"39","165","click","2026-04-22 17:57:09"
"39","10","view","2026-04-18 05:47:09"
"40","102","add_to_cart","2026-04-01 03:55:09"
"40","101","view","2026-04-01 09:41:09"
"40","35","view","2026-04-01 09:11:09"
"40","20","view","2026-04-04 13:03:09"
"40","16","add_to_cart","2026-04-04 09:43:09"
"40","18","view","2026-03-31 13:47:09"
"40","93","add_to_cart","2026-04-03 21:12:09"
"40","81","view","2026-04-13 05:55:09"
"41","189","click","2026-03-31 02:42:09"
"41","50","view","2026-04-02 16:59:09"
"41","104","view","2026-04-01 14:50:09"
"41","139","click","2026-04-06 04:15:09"
"41","184","view","2026-04-04 13:43:09"
"41","45","view","2026-04-04 00:59:09"
"41","138","click","2026-04-08 03:17:09"
"41","112","view","2026-04-09 20:35:09"
"42","30","view","2026-04-11 11:23:09"
"42","161","view","2026-04-10 21:25:09"
"42","43","click","2026-04-13 13:23:09"
"42","33","view","2026-04-11 17:51:09"
"42","178","view","2026-04-12 03:23:09"
"42","34","view","2026-04-11 22:47:09"
"42","43","view","2026-04-21 16:06:09"
"42","86","click","2026-04-13 02:59:09"
"43","28","view","2026-03-18 20:58:09"
"43","47","add_to_cart","2026-03-20 20:31:09"
"43","137","view","2026-03-18 11:29:09"
"43","168","add_to_cart","2026-03-18 08:03:09"
"43","81","click","2026-03-25 17:18:09"
"43","114","view","2026-03-26 08:35:09"
"43","32","view","2026-03-19 06:26:09"
"43","21","view","2026-03-30 23:23:09"
"44","53","view","2026-03-10 08:59:09"
"44","171","view","2026-03-12 05:09:09"
"44","171","view","2026-03-13 00:02:09"
"44","29","view","2026-03-15 10:19:09"
"44","63","view","2026-03-14 06:23:09"
"44","14","view","2026-03-11 22:47:09"
"44","70","view","2026-03-15 00:46:09"
"44","24","view","2026-03-11 20:27:09"
"45","195","view","2026-03-24 09:34:09"
"45","19","click","2026-03-25 10:35:09"
"45","147","view","2026-03-24 15:08:09"
"45","75","view","2026-03-29 02:35:09"
"45","11","view","2026-03-29 02:58:09"
"45","125","view","2026-04-01 16:53:09"
"45","133","view","2026-03-31 09:56:09"
"45","48","view","2026-03-24 22:11:09"
"46","45","view","2026-03-15 14:21:09"
"46","76","add_to_cart","2026-03-16 01:07:09"
"46","98","view","2026-03-16 17:56:09"
"46","77","click","2026-03-16 04:15:09"
"46","116","view","2026-03-17 15:08:09"
"46","192","click","2026-03-21 20:29:09"
"46","104","view","2026-03-21 19:14:09"
"46","56","view","2026-03-25 21:15:09"
"47","148","click","2026-03-25 03:14:09"
"47","87","view","2026-03-25 16:43:09"
"47","1","view","2026-03-27 02:26:09"
"47","179","view","2026-03-28 23:31:09"
"47","154","add_to_cart","2026-03-27 18:58:09"
"47","69","view","2026-03-29 04:53:09"
"47","37","view","2026-03-25 11:55:09"
"47","112","view","2026-03-31 06:27:09"
"48","148","view","2026-03-15 05:03:09"
"48","126","add_to_cart","2026-03-17 11:41:09"
"48","183","click","2026-03-15 22:08:09"
"48","17","view","2026-03-21 09:47:09"
"48","182","click","2026-03-17 00:23:09"
"48","81","view","2026-03-19 00:47:09"
"48","143","view","2026-03-19 02:20:09"
"48","192","click","2026-03-24 03:31:09"
"49","182","view","2026-03-24 04:48:09"
"49","81","view","2026-03-25 13:21:09"
"49","114","add_to_cart","2026-03-25 07:41:09"
"49","74","view","2026-03-28 03:43:09"
"49","39","view","2026-03-30 00:23:09"
"49","42","add_to_cart","2026-03-31 21:47:09"
"49","176","click","2026-03-26 17:19:09"
"49","103","view","2026-04-05 16:51:09"
"50","88","view","2026-04-05 08:42:09"
"50","92","click","2026-04-06 09:53:09"
"50","170","view","2026-04-07 01:29:09"
"50","2","view","2026-04-09 23:55:09"
"50","56","add_to_cart","2026-04-09 12:28:09"
"50","114","view","2026-04-05 01:53:09"
"50","109","view","2026-04-09 04:56:09"
"50","55","click","2026-04-04 16:43:09"
"51","182","view","2026-03-15 17:15:09"
"51","89","click","2026-03-15 21:29:09"
"51","10","click","2026-03-17 23:47:09"
"51","77","view","2026-03-16 05:55:09"
"51","67","view","2026-03-18 07:23:09"
"51","146","view","2026-03-24 05:35:09"
"51","148","view","2026-03-21 01:00:09"
"51","14","click","2026-03-25 17:55:09"
"52","114","click","2026-03-27 04:51:09"
"52","81","view","2026-03-28 22:33:09"
"52","96","view","2026-03-26 22:20:09"
"52","32","click","2026-03-29 02:11:09"
"52","125","view","2026-03-26 19:48:09"
"52","160","view","2026-03-28 20:05:09"
"52","9","view","2026-04-04 21:10:09"
"52","172","view","2026-03-31 08:35:09"
"53","121","view","2026-03-30 11:22:09"
"53","1","view","2026-03-30 19:27:09"
"53","11","view","2026-04-03 03:41:09"
"53","57","add_to_cart","2026-04-04 14:03:09"
"53","156","click","2026-03-30 14:48:09"
"53","104","view","2026-04-07 01:47:09"
"53","178","click","2026-04-04 23:15:09"
"53","145","view","2026-04-02 21:23:09"
"54","60","view","2026-03-14 20:54:09"
"54","156","add_to_cart","2026-03-14 08:39:09"
"54","51","click","2026-03-14 21:20:09"
"54","177","click","2026-03-16 21:31:09"
"54","158","view","2026-03-20 14:58:09"
"54","64","click","2026-03-22 08:11:09"
"54","155","view","2026-03-19 15:40:09"
"54","51","click","2026-03-15 05:15:09"
"55","56","click","2026-04-13 14:30:09"
"55","35","view","2026-04-14 23:57:09"
"55","110","view","2026-04-13 08:50:09"
"55","40","view","2026-04-14 06:39:09"
"55","123","add_to_cart","2026-04-19 11:13:09"
"55","162","view","2026-04-14 06:35:09"
"55","111","view","2026-04-13 14:41:09"
"55","80","view","2026-04-16 05:31:09"
"56","17","view","2026-03-21 19:42:09"
"56","54","view","2026-03-23 05:31:09"
"56","161","view","2026-03-25 05:11:09"
"56","40","view","2026-03-26 13:31:09"
"56","53","click","2026-03-27 01:38:09"
"56","66","view","2026-03-30 06:47:09"
"56","17","view","2026-03-31 01:57:09"
"56","135","click","2026-03-24 16:59:09"
"57","16","view","2026-03-25 03:34:09"
"57","127","view","2026-03-24 11:29:09"
"57","164","view","2026-03-26 03:05:09"
"57","87","view","2026-03-27 16:15:09"
"57","172","view","2026-03-30 20:28:09"
"57","39","view","2026-03-26 23:41:09"
"57","7","click","2026-03-29 06:13:09"
"57","126","view","2026-04-05 09:39:09"
"58","106","click","2026-03-20 18:39:09"
"58","36","click","2026-03-20 23:39:09"
"58","121","add_to_cart","2026-03-23 02:35:09"
"58","137","click","2026-03-22 21:59:09"
"58","159","click","2026-03-21 11:58:09"
"58","12","view","2026-03-24 10:29:09"
"58","11","view","2026-03-29 21:59:09"
"58","157","add_to_cart","2026-03-30 09:47:09"
"59","88","click","2026-03-10 03:34:09"
"59","174","click","2026-03-12 19:31:09"
"59","70","view","2026-03-14 14:20:09"
"59","57","view","2026-03-10 04:19:09"
"59","185","click","2026-03-16 18:58:09"
"59","179","click","2026-03-17 15:11:09"
"59","57","click","2026-03-10 14:34:09"
"59","145","view","2026-03-15 08:51:09"
"60","112","click","2026-04-15 08:43:09"
"60","36","view","2026-04-16 08:43:09"
"60","155","view","2026-04-15 06:26:09"
"60","81","click","2026-04-14 04:59:09"
"60","86","view","2026-04-18 07:53:09"
"60","19","add_to_cart","2026-04-22 03:53:09"
"60","5","view","2026-04-21 03:29:09"
"60","112","view","2026-04-24 09:23:09"
"61","123","view","2026-04-06 03:30:09"
"61","142","view","2026-04-06 04:01:09"
"61","184","click","2026-04-09 01:11:09"
"61","97","view","2026-04-12 11:59:09"
"61","142","view","2026-04-10 13:03:09"
"61","189","view","2026-04-09 23:47:09"
"61","117","view","2026-04-10 01:52:09"
"61","24","view","2026-04-17 22:19:09"
"62","36","view","2026-04-15 06:28:09"
"62","66","click","2026-04-16 14:43:09"
"62","184","view","2026-04-15 03:14:09"
"62","53","click","2026-04-15 12:07:09"
"62","59","add_to_cart","2026-04-14 12:28:09"
"62","169","view","2026-04-18 19:23:09"
"62","81","view","2026-04-19 00:16:09"
"62","66","click","2026-04-26 00:51:09"
"63","27","view","2026-04-08 18:38:09"
"63","44","click","2026-04-09 03:25:09"
"63","84","add_to_cart","2026-04-08 11:26:09"
"63","144","click","2026-04-09 13:03:09"
"63","135","view","2026-04-15 05:03:09"
"63","10","view","2026-04-09 18:11:09"
"63","200","click","2026-04-08 08:09:09"
"63","200","view","2026-04-12 09:23:09"
"64","134","view","2026-04-16 13:37:09"
"64","163","click","2026-04-16 04:31:09"
"64","174","click","2026-04-19 06:50:09"
"64","130","view","2026-04-20 17:11:09"
"64","160","view","2026-04-20 16:33:09"
"64","54","click","2026-04-21 16:41:09"
"64","28","view","2026-04-22 09:40:09"
"64","159","view","2026-04-27 01:07:09"
"65","75","view","2026-03-10 09:52:09"
"65","7","view","2026-03-10 03:49:09"
"65","80","click","2026-03-12 08:38:09"
"65","55","click","2026-03-11 20:47:09"
"65","131","view","2026-03-16 23:18:09"
"65","63","click","2026-03-11 22:23:09"
"65","7","view","2026-03-18 16:37:09"
"65","92","view","2026-03-16 11:07:09"
"66","112","add_to_cart","2026-04-13 00:45:09"
"66","49","view","2026-04-14 22:25:09"
"66","111","click","2026-04-12 07:11:09"
"66","198","view","2026-04-16 16:55:09"
"66","122","click","2026-04-19 06:53:09"
"66","71","click","2026-04-17 23:53:09"
"66","158","click","2026-04-14 05:53:09"
"66","92","view","2026-04-16 11:39:09"
"67","171","click","2026-03-31 04:09:09"
"67","124","add_to_cart","2026-04-01 21:15:09"
"67","169","add_to_cart","2026-04-01 18:38:09"
"67","91","view","2026-03-31 03:59:09"
"67","161","view","2026-04-04 12:43:09"
"67","5","view","2026-04-02 00:59:09"
"67","74","view","2026-03-31 06:26:09"
"67","17","click","2026-04-02 00:43:09"
"68","176","view","2026-03-30 05:47:09"
"68","150","view","2026-04-01 09:51:09"
"68","190","view","2026-04-02 08:47:09"
"68","136","view","2026-04-05 15:39:09"
"68","66","view","2026-03-31 15:53:09"
"68","15","add_to_cart","2026-04-01 19:29:09"
"68","176","click","2026-04-01 08:34:09"
"68","158","view","2026-04-08 16:59:09"
"69","197","click","2026-03-19 15:17:09"
"69","198","add_to_cart","2026-03-20 23:27:09"
"69","154","click","2026-03-20 12:59:09"
"69","28","click","2026-03-20 08:39:09"
"69","28","add_to_cart","2026-03-21 12:53:09"
"69","173","view","2026-03-20 23:17:09"
"69","53","view","2026-03-23 16:15:09"
"69","26","click","2026-03-29 21:15:09"
"70","74","click","2026-04-03 10:32:09"
"70","196","view","2026-04-04 09:21:09"
"70","160","view","2026-04-06 23:26:09"
"70","55","add_to_cart","2026-04-02 03:15:09"
"70","160","click","2026-04-07 01:48:09"
"70","139","view","2026-04-03 07:41:09"
"70","91","view","2026-04-05 08:43:09"
"70","156","click","2026-04-05 03:15:09"
"71","108","click","2026-04-10 10:01:09"
"71","77","click","2026-04-09 05:31:09"
"71","164","view","2026-04-13 08:47:09"
"71","147","view","2026-04-12 03:51:09"
"71","177","view","2026-04-10 21:58:09"
"71","20","view","2026-04-10 10:59:09"
"71","39","view","2026-04-18 18:36:09"
"71","112","view","2026-04-17 16:11:09"
"72","15","view","2026-04-11 16:39:09"
"72","18","click","2026-04-10 08:59:09"
"72","66","view","2026-04-14 18:05:09"
"72","135","click","2026-04-13 04:23:09"
"72","194","click","2026-04-15 09:33:09"
"72","145","view","2026-04-11 00:53:09"
"72","188","view","2026-04-11 15:39:09"
"72","106","view","2026-04-14 02:19:09"
"73","28","view","2026-04-07 12:11:09"
"73","44","view","2026-04-07 16:23:09"
"73","171","view","2026-04-10 23:50:09"
"73","79","view","2026-04-06 07:03:09"
"73","51","view","2026-04-12 08:28:09"
"73","105","view","2026-04-11 17:53:09"
"73","118","add_to_cart","2026-04-11 08:33:09"
"73","14","view","2026-04-07 23:55:09"
"74","81","add_to_cart","2026-03-16 20:51:09"
"74","191","click","2026-03-16 01:49:09"
"74","155","view","2026-03-17 23:47:09"
"74","85","view","2026-03-18 15:27:09"
"74","97","click","2026-03-16 14:03:09"
"74","73","add_to_cart","2026-03-23 01:59:09"
"74","52","add_to_cart","2026-03-19 04:17:09"
"74","41","click","2026-03-22 11:39:09"
"75","169","click","2026-03-19 19:56:09"
"75","153","view","2026-03-20 22:35:09"
"75","71","view","2026-03-19 04:08:09"
"75","136","click","2026-03-21 07:51:09"
"75","63","click","2026-03-19 06:43:09"
"75","12","view","2026-03-20 09:23:09"
"75","48","view","2026-03-26 05:14:09"
"75","103","view","2026-03-25 21:23:09"
"76","59","view","2026-03-21 02:41:09"
"76","128","click","2026-03-21 19:15:09"
"76","146","click","2026-03-20 15:47:09"
"76","193","click","2026-03-22 08:11:09"
"76","107","view","2026-03-24 17:43:09"
"76","77","view","2026-03-22 17:41:09"
"76","77","click","2026-03-27 07:48:09"
"76","35","click","2026-03-25 20:27:09"
"77","141","click","2026-04-01 13:57:09"
"77","13","view","2026-04-03 04:05:09"
"77","127","click","2026-04-01 17:23:09"
"77","133","view","2026-04-07 13:19:09"
"77","33","view","2026-04-02 23:28:09"
"77","171","view","2026-04-07 15:59:09"
"77","191","click","2026-04-08 19:14:09"
"77","86","view","2026-04-07 04:03:09"
"78","63","view","2026-03-27 03:06:09"
"78","162","click","2026-03-28 17:39:09"
"78","90","view","2026-03-29 12:53:09"
"78","74","add_to_cart","2026-03-28 20:39:09"
"78","107","click","2026-03-26 17:23:09"
"78","131","click","2026-04-01 20:29:09"
"78","167","click","2026-04-02 13:45:09"
"78","31","view","2026-03-26 19:07:09"
"79","163","add_to_cart","2026-03-18 08:49:09"
"79","182","view","2026-03-17 05:57:09"
"79","172","view","2026-03-19 06:32:09"
"79","80","click","2026-03-20 01:31:09"
"79","131","click","2026-03-17 19:18:09"
"79","161","view","2026-03-22 03:59:09"
"79","30","view","2026-03-25 12:23:09"
"79","165","click","2026-03-20 04:19:09"
"80","47","add_to_cart","2026-04-02 14:13:09"
"80","17","view","2026-04-03 01:07:09"
"80","152","view","2026-04-02 11:44:09"
"80","181","view","2026-04-01 16:35:09"
"80","110","view","2026-04-06 20:28:09"
"80","7","view","2026-04-01 22:35:09"
"80","195","add_to_cart","2026-04-06 09:57:09"
"80","133","click","2026-04-14 01:55:09"
"81","121","view","2026-03-13 03:06:09"
"81","39","click","2026-03-14 23:53:09"
"81","164","view","2026-03-12 05:47:09"
"81","163","click","2026-03-14 02:43:09"
"81","69","view","2026-03-17 21:18:09"
"81","162","view","2026-03-20 19:59:09"
"81","3","view","2026-03-14 09:23:09"
"81","183","view","2026-03-18 05:23:09"
"82","170","click","2026-04-11 04:10:09"
"82","58","view","2026-04-14 08:27:09"
"82","187","click","2026-04-12 23:17:09"
"82","12","click","2026-04-12 00:07:09"
"82","59","add_to_cart","2026-04-13 12:58:09"
"82","115","add_to_cart","2026-04-16 14:35:09"
"82","18","view","2026-04-17 03:55:09"
"82","47","view","2026-04-22 14:59:09"
"83","58","click","2026-03-13 02:34:09"
"83","11","click","2026-03-13 16:35:09"
"83","10","click","2026-03-15 12:38:09"
"83","165","click","2026-03-17 02:51:09"
"83","104","view","2026-03-15 18:43:09"
"83","2","view","2026-03-18 19:11:09"
"83","70","view","2026-03-20 12:30:09"
"83","21","view","2026-03-13 21:31:09"
"84","41","view","2026-03-11 12:05:09"
"84","173","view","2026-03-11 12:09:09"
"84","126","view","2026-03-13 00:05:09"
"84","103","view","2026-03-14 14:27:09"
"84","45","click","2026-03-17 13:58:09"
"84","198","add_to_cart","2026-03-17 10:05:09"
"84","5","view","2026-03-12 03:38:09"
"84","108","view","2026-03-20 10:59:09"
"85","152","click","2026-03-19 12:15:09"
"85","193","click","2026-03-20 11:23:09"
"85","163","click","2026-03-19 08:02:09"
"85","150","click","2026-03-21 08:15:09"
"85","93","view","2026-03-23 03:28:09"
"85","189","click","2026-03-19 19:35:09"
"85","156","view","2026-03-23 21:56:09"
"85","172","view","2026-03-29 11:31:09"
"86","94","click","2026-03-28 14:12:09"
"86","135","view","2026-03-27 13:07:09"
"86","136","click","2026-03-29 05:02:09"
"86","95","view","2026-03-28 20:47:09"
"86","108","view","2026-03-27 18:38:09"
"86","142","click","2026-04-04 22:23:09"
"86","33","click","2026-04-02 09:24:09"
"86","11","click","2026-03-29 11:47:09"
"87","39","view","2026-03-10 17:06:09"
"87","175","click","2026-03-11 10:13:09"
"87","86","view","2026-03-13 07:29:09"
"87","157","add_to_cart","2026-03-13 14:11:09"
"87","114","view","2026-03-13 08:23:09"
"87","176","view","2026-03-10 17:23:09"
"87","72","click","2026-03-11 11:20:09"
"87","91","click","2026-03-22 07:07:09"
"88","60","click","2026-04-13 08:38:09"
"88","192","view","2026-04-15 11:37:09"
"88","53","click","2026-04-13 14:32:09"
"88","176","view","2026-04-19 09:11:09"
"88","151","view","2026-04-15 15:43:09"
"88","35","view","2026-04-14 08:53:09"
"88","89","view","2026-04-18 02:50:09"
"88","158","view","2026-04-21 18:51:09"
"89","173","click","2026-04-14 14:16:09"
"89","126","add_to_cart","2026-04-14 05:23:09"
"89","72","view","2026-04-17 05:23:09"
"89","96","click","2026-04-14 02:15:09"
"89","159","view","2026-04-18 21:43:09"
"89","20","view","2026-04-23 14:35:09"
"89","17","click","2026-04-24 21:33:09"
"89","16","view","2026-04-20 08:03:09"
"90","194","view","2026-03-29 13:15:09"
"90","56","view","2026-03-31 21:33:09"
"90","76","click","2026-03-30 03:35:09"
"90","124","click","2026-04-01 02:27:09"
"90","54","click","2026-03-31 12:23:09"
"90","173","add_to_cart","2026-04-05 09:59:09"
"90","17","click","2026-04-06 17:10:09"
"90","19","view","2026-04-10 11:39:09"
"91","148","add_to_cart","2026-03-26 03:41:09"
"91","87","view","2026-03-28 13:49:09"
"91","132","view","2026-03-27 04:44:09"
"91","86","view","2026-03-30 22:59:09"
"91","179","click","2026-04-03 09:03:09"
"91","74","view","2026-03-31 09:59:09"
"91","115","click","2026-04-06 15:52:09"
"91","68","view","2026-04-02 18:35:09"
"92","52","click","2026-04-14 05:34:09"
"92","90","click","2026-04-15 21:33:09"
"92","119","view","2026-04-15 12:20:09"
"92","138","view","2026-04-16 05:39:09"
"92","125","click","2026-04-20 13:48:09"
"92","177","click","2026-04-21 05:05:09"
"92","118","add_to_cart","2026-04-21 13:19:09"
"92","158","view","2026-04-14 07:31:09"
"93","54","view","2026-04-01 08:33:09"
"93","182","view","2026-04-02 10:51:09"
"93","48","view","2026-04-02 18:26:09"
"93","5","view","2026-04-04 07:35:09"
"93","41","click","2026-04-04 10:03:09"
"93","165","click","2026-04-08 12:41:09"
"93","127","view","2026-04-08 13:19:09"
"93","75","add_to_cart","2026-04-08 07:47:09"
"94","138","view","2026-03-23 09:36:09"
"94","76","click","2026-03-23 09:35:09"
"94","173","click","2026-03-24 11:23:09"
"94","186","view","2026-03-22 19:43:09"
"94","43","click","2026-03-26 07:43:09"
"94","11","view","2026-03-30 10:59:09"
"94","155","view","2026-03-25 12:34:09"
"94","53","view","2026-04-03 14:59:09"
"95","102","view","2026-03-08 15:51:09"
"95","61","click","2026-03-10 18:07:09"
"95","108","click","2026-03-11 06:41:09"
"95","157","view","2026-03-09 05:15:09"
"95","185","click","2026-03-12 14:18:09"
"95","70","view","2026-03-16 03:41:09"
"95","155","view","2026-03-19 01:52:09"
"95","82","add_to_cart","2026-03-08 17:23:09"
"96","64","view","2026-03-08 05:19:09"
"96","157","add_to_cart","2026-03-10 16:27:09"
"96","140","click","2026-03-08 20:44:09"
"96","37","view","2026-03-13 06:55:09"
"96","142","view","2026-03-14 08:38:09"
"96","15","view","2026-03-17 22:59:09"
"96","174","view","2026-03-16 16:21:09"
"96","198","click","2026-03-08 07:39:09"
"97","158","view","2026-03-09 08:13:09"
"97","125","view","2026-03-08 03:59:09"
"97","84","view","2026-03-08 07:47:09"
"97","164","click","2026-03-12 06:59:09"
"97","28","click","2026-03-10 02:43:09"
"97","177","view","2026-03-10 07:29:09"
"97","162","click","2026-03-08 11:32:09"
"97","3","view","2026-03-10 06:35:09"
"98","63","view","2026-03-15 03:48:09"
"98","149","click","2026-03-16 10:05:09"
"98","162","view","2026-03-15 13:17:09"
"98","70","add_to_cart","2026-03-20 22:11:09"
"98","64","add_to_cart","2026-03-16 01:58:09"
"98","86","view","2026-03-24 03:35:09"
"98","139","add_to_cart","2026-03-20 07:16:09"
"98","137","click","2026-03-26 21:47:09"
"99","131","view","2026-03-08 08:07:09"
"99","177","view","2026-03-10 06:25:09"
"99","175","click","2026-03-10 18:23:09"
"99","164","click","2026-03-09 15:43:09"
"99","102","view","2026-03-12 12:13:09"
"99","142","click","2026-03-13 23:17:09"
"99","98","click","2026-03-12 06:34:09"
"99","89","view","2026-03-13 10:19:09"
"100","4","view","2026-03-11 11:25:09"
"100","177","click","2026-03-12 00:09:09"
"100","55","click","2026-03-13 22:26:09"
"100","86","add_to_cart","2026-03-17 12:35:09"
"100","18","click","2026-03-16 09:23:09"
"100","117","view","2026-03-12 00:29:09"
"100","152","view","2026-03-11 10:57:09"
"100","136","add_to_cart","2026-03-22 19:23:09"
"101","193","add_to_cart","2026-04-10 21:34:09"
"101","83","view","2026-04-11 15:25:09"
"101","130","view","2026-04-13 23:11:09"
"101","197","click","2026-04-10 20:27:09"
"101","106","click","2026-04-10 23:28:09"
"101","137","add_to_cart","2026-04-19 01:17:09"
"101","103","add_to_cart","2026-04-15 16:15:09"
"101","127","view","2026-04-21 19:55:09"
"102","185","view","2026-03-25 14:37:09"
"102","162","add_to_cart","2026-03-27 08:41:09"
"102","47","view","2026-03-28 13:50:09"
"102","59","view","2026-03-30 00:59:09"
"102","132","click","2026-03-25 00:23:09"
"102","129","add_to_cart","2026-03-24 21:47:09"
"102","31","view","2026-03-24 13:03:09"
"102","157","click","2026-03-31 05:55:09"
"103","120","view","2026-03-31 02:46:09"
"103","152","view","2026-04-01 11:03:09"
"103","34","view","2026-04-03 12:44:09"
"103","108","click","2026-04-02 20:47:09"
"103","112","click","2026-03-31 00:33:09"
"103","161","click","2026-04-09 01:11:09"
"103","101","click","2026-04-01 09:37:09"
"103","157","view","2026-04-09 05:07:09"
"104","162","click","2026-04-09 13:56:09"
"104","102","click","2026-04-10 14:13:09"
"104","50","view","2026-04-12 15:26:09"
"104","88","view","2026-04-09 08:03:09"
"104","143","view","2026-04-12 01:33:09"
"104","79","click","2026-04-13 23:59:09"
"104","49","view","2026-04-15 23:24:09"
"104","168","view","2026-04-14 22:35:09"
"105","9","view","2026-03-23 16:01:09"
"105","38","view","2026-03-22 10:45:09"
"105","37","view","2026-03-25 09:23:09"
"105","136","click","2026-03-26 06:59:09"
"105","58","add_to_cart","2026-03-23 22:03:09"
"105","23","view","2026-03-27 06:53:09"
"105","37","view","2026-03-22 09:40:09"
"105","137","view","2026-03-31 09:31:09"
"106","132","click","2026-04-04 08:21:09"
"106","70","view","2026-04-06 04:45:09"
"106","62","view","2026-04-06 17:14:09"
"106","164","view","2026-04-04 06:27:09"
"106","146","add_to_cart","2026-04-09 18:13:09"
"106","190","view","2026-04-06 12:53:09"
"106","53","view","2026-04-07 08:08:09"
"106","101","click","2026-04-13 11:39:09"
"107","179","click","2026-03-15 14:38:09"
"107","68","click","2026-03-16 21:01:09"
"107","45","click","2026-03-18 16:35:09"
"107","160","view","2026-03-17 00:59:09"
"107","153","view","2026-03-23 02:28:09"
"107","102","click","2026-03-18 18:59:09"
"107","6","click","2026-03-24 08:20:09"
"107","93","view","2026-03-24 23:07:09"
"108","25","view","2026-04-07 04:27:09"
"108","90","add_to_cart","2026-04-10 08:13:09"
"108","93","view","2026-04-11 17:08:09"
"108","3","add_to_cart","2026-04-13 05:35:09"
"108","12","view","2026-04-10 05:08:09"
"108","98","click","2026-04-14 19:11:09"
"108","176","click","2026-04-09 21:10:09"
"108","142","click","2026-04-15 14:11:09"
"109","132","view","2026-03-25 06:27:09"
"109","140","view","2026-03-25 17:39:09"
"109","170","view","2026-03-28 09:44:09"
"109","137","add_to_cart","2026-03-28 14:35:09"
"109","143","view","2026-03-29 19:23:09"
"109","138","view","2026-03-27 14:29:09"
"109","200","view","2026-04-03 14:26:09"
"109","129","view","2026-03-24 04:03:09"
"110","49","click","2026-04-06 23:53:09"
"110","6","view","2026-04-07 21:27:09"
"110","108","view","2026-04-07 01:20:09"
"110","119","view","2026-04-09 14:59:09"
"110","137","view","2026-04-09 22:33:09"
"110","54","view","2026-04-13 12:11:09"
"110","152","view","2026-04-15 09:44:09"
"110","161","view","2026-04-07 17:31:09"
"111","82","add_to_cart","2026-03-18 06:27:09"
"111","109","view","2026-03-20 14:03:09"
"111","29","view","2026-03-20 14:14:09"
"111","120","click","2026-03-23 12:35:09"
"111","151","click","2026-03-20 23:23:09"
"111","30","view","2026-03-27 08:47:09"
"111","123","view","2026-03-26 11:41:09"
"111","90","view","2026-03-25 21:39:09"
"112","115","click","2026-03-14 05:53:09"
"112","126","view","2026-03-16 11:49:09"
"112","178","click","2026-03-16 07:20:09"
"112","182","view","2026-03-18 22:39:09"
"112","143","view","2026-03-21 07:38:09"
"112","83","view","2026-03-22 09:17:09"
"112","18","click","2026-03-20 17:27:09"
"112","16","click","2026-03-22 17:07:09"
"113","26","click","2026-04-03 10:27:09"
"113","197","view","2026-04-06 08:13:09"
"113","188","click","2026-04-06 15:26:09"
"113","108","click","2026-04-04 22:27:09"
"113","142","view","2026-04-09 12:13:09"
"113","136","view","2026-04-07 03:53:09"
"113","90","view","2026-04-03 05:28:09"
"113","48","view","2026-04-14 18:03:09"
"114","81","view","2026-04-14 20:01:09"
"114","13","click","2026-04-17 00:37:09"
"114","195","view","2026-04-17 11:35:09"
"114","48","view","2026-04-15 18:15:09"
"114","5","click","2026-04-18 19:03:09"
"114","40","view","2026-04-22 06:59:09"
"114","64","view","2026-04-15 10:24:09"
"114","57","view","2026-04-17 22:43:09"
"115","8","view","2026-03-23 11:05:09"
"115","108","click","2026-03-25 09:53:09"
"115","6","add_to_cart","2026-03-27 20:35:09"
"115","152","click","2026-03-23 13:27:09"
"115","112","click","2026-03-30 12:48:09"
"115","4","view","2026-03-29 08:17:09"
"115","23","click","2026-04-01 08:34:09"
"115","74","view","2026-03-27 16:59:09"
"116","40","view","2026-04-14 00:44:09"
"116","5","view","2026-04-14 22:29:09"
"116","174","view","2026-04-13 04:53:09"
"116","18","view","2026-04-14 15:59:09"
"116","172","view","2026-04-20 02:43:09"
"116","7","view","2026-04-20 12:53:09"
"116","93","click","2026-04-18 18:56:09"
"116","135","add_to_cart","2026-04-22 13:23:09"
"117","40","click","2026-03-15 04:08:09"
"117","113","view","2026-03-15 09:53:09"
"117","100","view","2026-03-18 07:11:09"
"117","118","view","2026-03-18 05:43:09"
"117","98","click","2026-03-18 23:33:09"
"117","95","click","2026-03-14 02:47:09"
"117","56","view","2026-03-22 00:50:09"
"117","164","view","2026-03-16 21:07:09"
"118","99","click","2026-03-31 07:21:09"
"118","90","view","2026-03-31 18:01:09"
"118","31","view","2026-04-03 18:44:09"
"118","17","click","2026-03-31 09:55:09"
"118","18","view","2026-04-02 22:03:09"
"118","13","click","2026-04-02 11:11:09"
"118","63","view","2026-04-02 16:32:09"
"118","36","view","2026-04-10 23:55:09"
"119","70","click","2026-04-15 15:37:09"
"119","21","view","2026-04-17 09:07:09"
"119","108","click","2026-04-15 07:47:09"
"119","136","view","2026-04-15 20:19:09"
"119","124","add_to_cart","2026-04-18 19:43:09"
"119","164","view","2026-04-17 13:47:09"
"119","47","view","2026-04-25 02:20:09"
"119","8","view","2026-04-25 20:35:09"
"120","124","click","2026-03-10 12:52:09"
"120","86","view","2026-03-10 16:59:09"
"120","133","view","2026-03-11 23:50:09"
"120","172","view","2026-03-09 13:59:09"
"120","72","view","2026-03-17 01:43:09"
"120","168","add_to_cart","2026-03-12 18:11:09"
"120","43","add_to_cart","2026-03-17 09:14:09"
"120","5","view","2026-03-11 03:55:09"
"121","198","view","2026-04-14 20:09:09"
"121","38","add_to_cart","2026-04-14 23:47:09"
"121","61","click","2026-04-15 23:44:09"
"121","26","click","2026-04-16 08:11:09"
"121","28","view","2026-04-18 01:13:09"
"121","106","view","2026-04-20 00:11:09"
"121","150","view","2026-04-18 19:01:09"
"121","133","view","2026-04-25 18:19:09"
"122","33","click","2026-03-11 06:37:09"
"122","112","click","2026-03-13 06:11:09"
"122","115","view","2026-03-13 22:26:09"
"122","188","view","2026-03-14 21:35:09"
"122","186","view","2026-03-16 05:03:09"
"122","28","view","2026-03-14 20:05:09"
"122","137","view","2026-03-14 07:56:09"
"122","175","view","2026-03-20 21:47:09"
"123","149","view","2026-04-02 04:40:09"
"123","18","view","2026-04-03 06:01:09"
"123","47","click","2026-04-02 02:29:09"
"123","163","view","2026-04-06 18:07:09"
"123","17","view","2026-04-08 06:03:09"
"123","44","add_to_cart","2026-04-08 08:29:09"
"123","148","view","2026-04-06 02:01:09"
"123","99","click","2026-04-10 18:11:09"
"124","144","view","2026-03-29 14:43:09"
"124","128","click","2026-03-31 07:43:09"
"124","129","view","2026-03-30 01:32:09"
"124","134","click","2026-04-01 12:55:09"
"124","187","view","2026-03-31 21:28:09"
"124","16","view","2026-03-31 19:35:09"
"124","60","click","2026-03-28 02:54:09"
"124","122","view","2026-03-31 09:47:09"
"125","70","view","2026-04-01 17:29:09"
"125","45","click","2026-04-02 14:59:09"
"125","78","view","2026-04-03 14:23:09"
"125","103","click","2026-04-04 20:31:09"
"125","89","view","2026-04-03 23:48:09"
"125","137","view","2026-04-10 01:35:09"
"125","117","add_to_cart","2026-04-03 15:20:09"
"125","39","click","2026-04-05 06:11:09"
"126","144","click","2026-04-07 19:14:09"
"126","94","click","2026-04-09 18:59:09"
"126","46","click","2026-04-07 08:35:09"
"126","97","view","2026-04-09 00:55:09"
"126","192","view","2026-04-10 07:18:09"
"126","75","view","2026-04-16 12:59:09"
"126","25","view","2026-04-17 20:16:09"
"126","70","click","2026-04-13 02:51:09"
"127","179","view","2026-03-08 21:59:09"
"127","19","view","2026-03-09 07:49:09"
"127","88","add_to_cart","2026-03-09 11:14:09"
"127","36","click","2026-03-13 16:55:09"
"127","188","view","2026-03-13 04:18:09"
"127","91","click","2026-03-14 04:23:09"
"127","7","click","2026-03-14 01:28:09"
"127","161","view","2026-03-14 23:55:09"
"128","15","view","2026-04-14 21:05:09"
"128","147","view","2026-04-16 19:21:09"
"128","183","view","2026-04-14 13:02:09"
"128","136","click","2026-04-17 03:47:09"
"128","70","view","2026-04-17 04:23:09"
"128","105","view","2026-04-14 09:05:09"
"128","133","click","2026-04-17 22:57:09"
"128","9","view","2026-04-17 15:23:09"
"129","146","view","2026-03-25 11:59:09"
"129","176","click","2026-03-26 03:05:09"
"129","185","click","2026-03-27 04:02:09"
"129","133","click","2026-03-27 20:59:09"
"129","19","click","2026-03-27 15:28:09"
"129","195","view","2026-03-25 03:05:09"
"129","83","click","2026-03-30 10:55:09"
"129","160","click","2026-04-04 10:43:09"
"130","159","view","2026-04-03 16:03:09"
"130","183","view","2026-04-02 22:45:09"
"130","9","view","2026-04-04 11:11:09"
"130","52","view","2026-04-08 11:15:09"
"130","190","view","2026-04-08 18:28:09"
"130","104","add_to_cart","2026-04-03 22:17:09"
"130","143","view","2026-04-04 18:08:09"
"130","186","click","2026-04-09 17:23:09"
"131","91","view","2026-03-22 03:25:09"
"131","185","view","2026-03-25 07:45:09"
"131","66","click","2026-03-22 10:14:09"
"131","190","click","2026-03-24 17:51:09"
"131","68","view","2026-03-26 01:18:09"
"131","186","view","2026-03-29 07:35:09"
"131","8","click","2026-03-31 06:14:09"
"131","51","view","2026-03-23 18:59:09"
"132","186","view","2026-03-08 00:54:09"
"132","127","view","2026-03-09 07:29:09"
"132","179","click","2026-03-09 01:14:09"
"132","110","click","2026-03-10 02:43:09"
"132","54","click","2026-03-11 20:03:09"
"132","115","click","2026-03-11 12:35:09"
"132","191","click","2026-03-10 04:59:09"
"132","59","view","2026-03-12 19:31:09"
"133","116","view","2026-03-27 11:11:09"
"133","125","view","2026-03-29 03:27:09"
"133","163","click","2026-03-27 23:38:09"
"133","92","view","2026-03-26 06:51:09"
"133","86","click","2026-03-31 14:28:09"
"133","49","click","2026-03-31 15:53:09"
"133","34","view","2026-04-02 12:21:09"
"133","1","view","2026-03-27 08:51:09"
"134","87","view","2026-03-13 05:43:09"
"134","181","view","2026-03-12 03:21:09"
"134","11","click","2026-03-15 06:23:09"
"134","12","view","2026-03-17 08:23:09"
"134","195","view","2026-03-17 09:43:09"
"134","172","view","2026-03-15 03:35:09"
"134","42","click","2026-03-16 20:32:09"
"134","74","add_to_cart","2026-03-23 17:55:09"
"135","169","view","2026-03-10 14:04:09"
"135","94","view","2026-03-12 21:37:09"
"135","150","click","2026-03-15 00:23:09"
"135","118","view","2026-03-10 05:47:09"
"135","139","view","2026-03-11 12:08:09"
"135","41","click","2026-03-17 05:05:09"
"135","156","view","2026-03-15 19:31:09"
"135","168","click","2026-03-11 13:23:09"
"136","73","view","2026-03-23 21:59:09"
"136","124","click","2026-03-23 15:01:09"
"136","75","view","2026-03-27 11:44:09"
"136","76","click","2026-03-23 13:39:09"
"136","90","view","2026-03-31 06:23:09"
"136","121","view","2026-03-31 15:59:09"
"136","66","click","2026-03-25 21:24:09"
"136","75","click","2026-04-01 05:55:09"
"137","126","click","2026-04-07 12:29:09"
"137","150","view","2026-04-08 05:27:09"
"137","62","view","2026-04-08 16:14:09"
"137","174","add_to_cart","2026-04-10 01:39:09"
"137","34","click","2026-04-13 04:13:09"
"137","172","view","2026-04-11 11:35:09"
"137","149","click","2026-04-09 07:17:09"
"137","138","click","2026-04-08 00:03:09"
"138","75","view","2026-03-24 08:26:09"
"138","103","view","2026-03-23 06:47:09"
"138","54","view","2026-03-23 11:56:09"
"138","117","click","2026-03-27 18:19:09"
"138","77","view","2026-03-25 02:08:09"
"138","99","view","2026-03-29 09:35:09"
"138","30","click","2026-04-03 08:38:09"
"138","141","view","2026-03-23 19:07:09"
"139","151","click","2026-03-23 18:51:09"
"139","139","view","2026-03-25 11:43:09"
"139","184","view","2026-03-23 12:11:09"
"139","175","click","2026-03-29 01:19:09"
"139","152","view","2026-03-28 01:48:09"
"139","124","view","2026-03-28 10:11:09"
"139","101","click","2026-03-27 09:13:09"
"139","55","view","2026-04-01 04:19:09"
"140","16","view","2026-04-06 09:57:09"
"140","192","view","2026-04-08 23:03:09"
"140","20","view","2026-04-07 17:59:09"
"140","61","view","2026-04-10 07:43:09"
"140","48","view","2026-04-08 16:43:09"
"140","30","click","2026-04-12 04:05:09"
"140","78","view","2026-04-10 13:18:09"
"140","25","view","2026-04-13 09:47:09"
"141","166","click","2026-03-30 11:22:09"
"141","144","view","2026-03-31 22:21:09"
"141","199","view","2026-03-31 03:02:09"
"141","162","add_to_cart","2026-04-03 21:23:09"
"141","180","view","2026-04-01 02:38:09"
"141","144","click","2026-04-07 13:05:09"
"141","20","view","2026-04-07 18:57:09"
"141","50","view","2026-04-02 15:31:09"
"142","40","click","2026-04-07 17:24:09"
"142","102","view","2026-04-08 06:41:09"
"142","105","add_to_cart","2026-04-10 09:41:09"
"142","132","view","2026-04-11 06:55:09"
"142","75","click","2026-04-15 07:58:09"
"142","81","view","2026-04-13 19:59:09"
"142","165","view","2026-04-07 12:00:09"
"142","69","view","2026-04-17 14:59:09"
"143","180","view","2026-03-24 02:46:09"
"143","66","click","2026-03-25 18:11:09"
"143","164","click","2026-03-25 14:56:09"
"143","89","view","2026-03-24 08:39:09"
"143","23","view","2026-03-28 00:38:09"
"143","177","click","2026-03-24 17:47:09"
"143","37","view","2026-03-28 15:40:09"
"143","138","click","2026-03-30 12:19:09"
"144","50","click","2026-03-30 23:01:09"
"144","179","click","2026-03-30 04:43:09"
"144","194","view","2026-03-31 09:05:09"
"144","174","click","2026-03-30 15:27:09"
"144","118","click","2026-04-01 05:48:09"
"144","125","click","2026-04-08 18:59:09"
"144","89","view","2026-04-09 02:46:09"
"144","66","view","2026-04-08 12:27:09"
"145","123","click","2026-03-22 07:22:09"
"145","6","view","2026-03-23 04:53:09"
"145","98","view","2026-03-24 06:02:09"
"145","154","click","2026-03-27 14:55:09"
"145","19","click","2026-03-25 11:48:09"
"145","84","click","2026-03-31 20:05:09"
"145","91","view","2026-03-29 18:46:09"
"145","84","view","2026-03-27 00:19:09"
"146","32","view","2026-03-21 03:48:09"
"146","161","click","2026-03-21 15:47:09"
"146","36","view","2026-03-25 05:29:09"
"146","174","view","2026-03-23 07:07:09"
"146","161","click","2026-03-27 22:43:09"
"146","139","click","2026-03-21 23:41:09"
"146","162","view","2026-03-27 19:26:09"
"146","83","click","2026-03-28 18:27:09"
"147","25","view","2026-04-02 16:18:09"
"147","150","click","2026-04-03 17:03:09"
"147","62","view","2026-04-03 22:26:09"
"147","154","click","2026-04-07 23:35:09"
"147","2","click","2026-04-05 21:48:09"
"147","176","view","2026-04-08 16:11:09"
"147","99","view","2026-04-02 13:03:09"
"147","133","add_to_cart","2026-04-06 03:39:09"
"148","119","add_to_cart","2026-04-13 16:17:09"
"148","162","view","2026-04-14 20:07:09"
"148","12","view","2026-04-13 20:20:09"
"148","137","view","2026-04-17 15:35:09"
"148","194","view","2026-04-16 05:13:09"
"148","49","click","2026-04-12 06:53:09"
"148","32","view","2026-04-19 10:08:09"
"148","136","view","2026-04-19 19:07:09"
"149","142","view","2026-03-25 14:38:09"
"149","191","view","2026-03-26 21:37:09"
"149","120","view","2026-03-26 10:02:09"
"149","191","view","2026-03-28 05:03:09"
"149","118","add_to_cart","2026-03-26 18:43:09"
"149","150","view","2026-03-29 04:23:09"
"149","129","view","2026-03-31 00:27:09"
"149","174","click","2026-03-24 17:23:09"
"150","99","view","2026-03-19 12:20:09"
"150","165","view","2026-03-21 21:35:09"
"150","90","view","2026-03-19 22:47:09"
"150","196","click","2026-03-23 20:03:09"
"150","59","view","2026-03-23 07:53:09"
"150","159","click","2026-03-25 22:41:09"
"150","123","view","2026-03-28 09:16:09"
"150","145","click","2026-03-21 06:35:09"
"151","183","view","2026-03-23 20:07:09"
"151","65","view","2026-03-25 13:57:09"
"151","184","view","2026-03-23 03:56:09"
"151","51","click","2026-03-26 05:47:09"
"151","50","view","2026-03-29 21:53:09"
"151","5","view","2026-03-25 19:53:09"
"151","136","click","2026-03-31 23:42:09"
"151","136","click","2026-03-27 22:35:09"
"152","148","view","2026-03-24 07:35:09"
"152","116","view","2026-03-23 14:21:09"
"152","165","add_to_cart","2026-03-23 13:02:09"
"152","170","add_to_cart","2026-03-27 03:27:09"
"152","197","click","2026-03-26 09:33:09"
"152","124","click","2026-03-23 13:35:09"
"152","134","view","2026-03-31 06:19:09"
"152","13","view","2026-03-23 11:47:09"
"153","101","view","2026-04-11 15:13:09"
"153","117","view","2026-04-12 22:55:09"
"153","43","click","2026-04-15 01:32:09"
"153","178","view","2026-04-13 03:23:09"
"153","154","click","2026-04-18 19:08:09"
"153","46","view","2026-04-17 15:47:09"
"153","114","view","2026-04-22 06:39:09"
"153","129","click","2026-04-20 01:31:09"
"154","47","click","2026-03-09 10:41:09"
"154","174","add_to_cart","2026-03-09 04:25:09"
"154","81","view","2026-03-12 13:29:09"
"154","72","click","2026-03-11 23:07:09"
"154","154","click","2026-03-13 05:58:09"
"154","105","add_to_cart","2026-03-14 08:11:09"
"154","188","view","2026-03-09 13:19:09"
"154","141","add_to_cart","2026-03-15 23:31:09"
"155","141","view","2026-03-22 09:23:09"
"155","129","click","2026-03-24 15:49:09"
"155","11","view","2026-03-25 11:59:09"
"155","27","click","2026-03-22 21:59:09"
"155","145","view","2026-03-28 20:13:09"
"155","50","view","2026-03-23 23:53:09"
"155","182","view","2026-03-23 18:41:09"
"155","132","click","2026-03-26 20:51:09"
"156","71","view","2026-04-16 03:50:09"
"156","22","view","2026-04-17 22:51:09"
"156","15","click","2026-04-18 09:26:09"
"156","146","view","2026-04-15 07:19:09"
"156","2","view","2026-04-19 17:33:09"
"156","151","view","2026-04-21 18:17:09"
"156","79","view","2026-04-22 12:28:09"
"156","131","view","2026-04-26 13:39:09"
"157","47","view","2026-04-06 01:58:09"
"157","32","view","2026-04-07 23:45:09"
"157","22","view","2026-04-09 15:47:09"
"157","33","view","2026-04-07 06:27:09"
"157","14","click","2026-04-08 12:33:09"
"157","14","click","2026-04-10 17:35:09"
"157","98","click","2026-04-13 19:28:09"
"157","52","click","2026-04-07 11:39:09"
"158","184","view","2026-03-26 05:39:09"
"158","51","view","2026-03-27 07:29:09"
"158","16","click","2026-03-27 12:38:09"
"158","124","click","2026-03-28 17:11:09"
"158","62","view","2026-04-01 03:28:09"
"158","28","view","2026-04-02 16:47:09"
"158","29","view","2026-04-03 02:51:09"
"158","120","click","2026-04-06 11:39:09"
"159","17","view","2026-03-27 06:15:09"
"159","122","click","2026-03-27 06:33:09"
"159","80","view","2026-03-29 08:56:09"
"159","175","click","2026-03-30 16:31:09"
"159","149","click","2026-03-27 02:28:09"
"159","47","click","2026-04-04 14:29:09"
"159","53","click","2026-04-01 10:18:09"
"159","52","view","2026-04-07 23:07:09"
"160","130","view","2026-03-14 04:37:09"
"160","14","click","2026-03-15 12:39:09"
"160","2","view","2026-03-16 19:32:09"
"160","35","add_to_cart","2026-03-18 04:11:09"
"160","76","view","2026-03-15 13:43:09"
"160","154","view","2026-03-15 05:59:09"
"160","2","click","2026-03-20 14:27:09"
"160","56","view","2026-03-16 01:47:09"
"161","73","add_to_cart","2026-04-06 23:02:09"
"161","42","view","2026-04-06 18:25:09"
"161","176","click","2026-04-08 00:17:09"
"161","91","view","2026-04-07 13:35:09"
"161","189","view","2026-04-11 04:03:09"
"161","28","view","2026-04-09 11:53:09"
"161","26","add_to_cart","2026-04-13 13:17:09"
"161","61","add_to_cart","2026-04-14 11:55:09"
"162","69","click","2026-03-31 12:57:09"
"162","19","view","2026-04-02 06:11:09"
"162","55","view","2026-04-01 02:53:09"
"162","131","view","2026-04-02 12:27:09"
"162","103","click","2026-04-05 09:18:09"
"162","110","click","2026-04-01 12:29:09"
"162","182","view","2026-04-05 00:51:09"
"162","36","click","2026-04-10 09:15:09"
"163","126","click","2026-04-07 15:27:09"
"163","103","click","2026-04-08 18:25:09"
"163","42","click","2026-04-07 07:41:09"
"163","35","click","2026-04-08 01:35:09"
"163","176","click","2026-04-13 20:33:09"
"163","129","view","2026-04-09 09:35:09"
"163","180","click","2026-04-10 05:01:09"
"163","49","view","2026-04-14 07:15:09"
"164","31","add_to_cart","2026-03-16 16:34:09"
"164","73","click","2026-03-17 03:03:09"
"164","5","view","2026-03-16 21:02:09"
"164","161","click","2026-03-16 03:15:09"
"164","43","view","2026-03-19 11:48:09"
"164","7","add_to_cart","2026-03-22 14:05:09"
"164","98","click","2026-03-20 15:31:09"
"164","12","view","2026-03-28 05:47:09"
"165","78","click","2026-04-12 06:30:09"
"165","58","click","2026-04-11 23:35:09"
"165","34","view","2026-04-15 23:44:09"
"165","66","click","2026-04-14 16:19:09"
"165","116","view","2026-04-17 06:03:09"
"165","164","click","2026-04-13 00:41:09"
"165","102","view","2026-04-22 16:06:09"
"165","84","view","2026-04-19 19:31:09"
"166","74","view","2026-04-14 06:54:09"
"166","183","view","2026-04-14 23:05:09"
"166","63","click","2026-04-15 14:20:09"
"166","141","add_to_cart","2026-04-18 04:35:09"
"166","160","click","2026-04-14 15:13:09"
"166","172","view","2026-04-22 06:53:09"
"166","105","view","2026-04-14 10:01:09"
"166","65","view","2026-04-26 15:07:09"
"167","107","add_to_cart","2026-03-21 00:34:09"
"167","110","view","2026-03-20 15:35:09"
"167","49","click","2026-03-20 10:02:09"
"167","1","add_to_cart","2026-03-26 11:19:09"
"167","100","view","2026-03-21 08:53:09"
"167","17","view","2026-03-20 19:47:09"
"167","9","view","2026-03-26 18:44:09"
"167","70","add_to_cart","2026-03-29 02:59:09"
"168","68","click","2026-04-06 08:02:09"
"168","136","view","2026-04-06 00:09:09"
"168","149","view","2026-04-09 17:14:09"
"168","137","view","2026-04-05 08:39:09"
"168","185","click","2026-04-10 06:33:09"
"168","152","view","2026-04-13 17:23:09"
"168","26","view","2026-04-16 08:03:09"
"168","80","click","2026-04-15 09:47:09"
"169","197","view","2026-03-15 14:42:09"
"169","58","view","2026-03-16 22:11:09"
"169","20","view","2026-03-15 15:53:09"
"169","128","click","2026-03-15 06:23:09"
"169","133","view","2026-03-15 11:28:09"
"169","57","view","2026-03-15 12:47:09"
"169","171","view","2026-03-15 14:08:09"
"169","35","click","2026-03-16 06:03:09"
"170","190","view","2026-03-20 17:44:09"
"170","23","add_to_cart","2026-03-23 04:43:09"
"170","153","click","2026-03-21 15:26:09"
"170","73","add_to_cart","2026-03-23 02:35:09"
"170","13","view","2026-03-26 13:53:09"
"170","72","view","2026-03-29 00:47:09"
"170","119","view","2026-03-25 00:30:09"
"170","109","click","2026-03-25 09:31:09"
"171","23","click","2026-03-07 10:28:09"
"171","200","click","2026-03-09 23:29:09"
"171","34","view","2026-03-09 20:32:09"
"171","46","click","2026-03-11 13:27:09"
"171","173","view","2026-03-10 09:08:09"
"171","33","click","2026-03-12 07:11:09"
"171","23","view","2026-03-11 22:24:09"
"171","24","click","2026-03-15 10:19:09"
"172","73","click","2026-04-05 04:41:09"
"172","122","click","2026-04-04 20:59:09"
"172","113","view","2026-04-05 19:14:09"
"172","136","view","2026-04-06 19:03:09"
"172","18","view","2026-04-10 12:53:09"
"172","99","view","2026-04-05 13:41:09"
"172","65","view","2026-04-13 06:14:09"
"172","180","view","2026-04-05 20:19:09"
"173","148","view","2026-04-12 12:06:09"
"173","28","view","2026-04-13 10:01:09"
"173","15","view","2026-04-14 07:26:09"
"173","71","view","2026-04-11 07:27:09"
"173","78","view","2026-04-11 21:18:09"
"173","154","view","2026-04-18 01:47:09"
"173","11","view","2026-04-14 18:38:09"
"173","20","click","2026-04-19 22:27:09"
"174","100","add_to_cart","2026-03-26 09:20:09"
"174","130","click","2026-03-26 15:21:09"
"174","189","view","2026-03-28 20:14:09"
"174","164","click","2026-03-30 15:07:09"
"174","122","click","2026-03-29 02:28:09"
"174","19","click","2026-03-29 17:41:09"
"174","113","view","2026-04-04 00:26:09"
"174","167","view","2026-04-01 08:03:09"
"175","22","view","2026-03-11 01:59:09"
"175","148","view","2026-03-13 09:05:09"
"175","159","view","2026-03-12 08:14:09"
"175","77","view","2026-03-15 02:15:09"
"175","173","view","2026-03-14 07:23:09"
"175","112","click","2026-03-18 18:05:09"
"175","7","view","2026-03-11 17:24:09"
"175","131","view","2026-03-15 12:51:09"
"176","107","click","2026-03-22 10:04:09"
"176","9","view","2026-03-21 11:09:09"
"176","153","add_to_cart","2026-03-21 05:53:09"
"176","85","view","2026-03-24 06:47:09"
"176","170","click","2026-03-25 23:38:09"
"176","8","view","2026-03-25 04:05:09"
"176","61","click","2026-04-01 08:38:09"
"176","141","click","2026-03-26 23:47:09"
"177","10","add_to_cart","2026-03-08 03:41:09"
"177","20","view","2026-03-09 23:11:09"
"177","14","click","2026-03-09 10:17:09"
"177","111","click","2026-03-09 22:27:09"
"177","101","click","2026-03-14 01:03:09"
"177","37","view","2026-03-16 01:11:09"
"177","50","click","2026-03-19 04:12:09"
"177","99","view","2026-03-17 23:07:09"
"178","56","view","2026-04-08 17:24:09"
"178","44","view","2026-04-11 07:57:09"
"178","82","view","2026-04-12 18:44:09"
"178","154","add_to_cart","2026-04-11 01:19:09"
"178","183","view","2026-04-11 00:43:09"
"178","174","view","2026-04-11 13:47:09"
"178","10","view","2026-04-18 08:22:09"
"178","61","view","2026-04-15 17:15:09"
"179","95","view","2026-04-03 00:37:09"
"179","51","view","2026-04-03 15:29:09"
"179","58","click","2026-04-04 20:08:09"
"179","190","view","2026-04-05 14:55:09"
"179","145","add_to_cart","2026-04-03 11:58:09"
"179","8","view","2026-04-04 12:53:09"
"179","16","view","2026-04-05 14:33:09"
"179","144","view","2026-04-06 09:47:09"
"180","117","view","2026-03-29 12:17:09"
"180","194","view","2026-03-29 09:45:09"
"180","87","click","2026-03-30 07:56:09"
"180","198","click","2026-04-03 18:19:09"
"180","159","view","2026-04-02 04:58:09"
"180","36","click","2026-04-07 08:59:09"
"180","39","view","2026-03-30 15:18:09"
"180","63","view","2026-04-01 16:03:09"
"181","102","view","2026-03-11 11:58:09"
"181","37","view","2026-03-12 09:09:09"
"181","37","click","2026-03-11 07:11:09"
"181","30","click","2026-03-15 21:59:09"
"181","196","click","2026-03-12 09:28:09"
"181","70","view","2026-03-19 03:11:09"
"181","183","view","2026-03-21 18:03:09"
"181","64","view","2026-03-17 04:19:09"
"182","17","add_to_cart","2026-03-15 14:22:09"
"182","80","view","2026-03-16 04:03:09"
"182","32","add_to_cart","2026-03-15 03:08:09"
"182","33","view","2026-03-16 05:07:09"
"182","83","click","2026-03-22 02:28:09"
"182","165","view","2026-03-14 04:05:09"
"182","142","view","2026-03-20 01:49:09"
"182","149","view","2026-03-27 01:07:09"
"183","60","view","2026-03-27 03:30:09"
"183","177","view","2026-03-26 07:09:09"
"183","19","click","2026-03-29 14:59:09"
"183","81","view","2026-03-26 14:39:09"
"183","26","click","2026-03-31 18:23:09"
"183","16","view","2026-04-02 11:41:09"
"183","128","view","2026-04-06 08:17:09"
"183","13","click","2026-04-05 05:55:09"
"184","134","view","2026-04-12 15:05:09"
"184","95","click","2026-04-14 09:45:09"
"184","98","view","2026-04-12 10:14:09"
"184","68","click","2026-04-17 14:35:09"
"184","33","view","2026-04-18 00:33:09"
"184","21","view","2026-04-13 22:53:09"
"184","80","view","2026-04-21 07:31:09"
"184","14","view","2026-04-24 19:23:09"
"185","68","view","2026-03-17 03:45:09"
"185","79","click","2026-03-18 23:41:09"
"185","131","view","2026-03-20 04:23:09"
"185","70","click","2026-03-22 10:23:09"
"185","136","view","2026-03-22 20:38:09"
"185","108","click","2026-03-18 02:05:09"
"185","180","view","2026-03-25 22:55:09"
"185","122","click","2026-03-25 14:27:09"
"186","57","click","2026-03-16 15:09:09"
"186","149","add_to_cart","2026-03-18 02:59:09"
"186","119","view","2026-03-17 01:23:09"
"186","43","click","2026-03-17 19:07:09"
"186","14","click","2026-03-20 02:28:09"
"186","200","add_to_cart","2026-03-24 21:05:09"
"186","142","view","2026-03-18 05:32:09"
"186","147","view","2026-03-17 01:07:09"
"187","129","view","2026-04-12 00:05:09"
"187","129","click","2026-04-13 06:25:09"
"187","56","add_to_cart","2026-04-11 16:05:09"
"187","77","view","2026-04-12 13:27:09"
"187","51","view","2026-04-14 21:43:09"
"187","74","click","2026-04-13 09:05:09"
"187","82","add_to_cart","2026-04-17 04:23:09"
"187","200","click","2026-04-14 15:07:09"
"188","197","view","2026-04-11 15:18:09"
"188","36","click","2026-04-13 01:47:09"
"188","121","view","2026-04-14 12:35:09"
"188","179","click","2026-04-11 18:19:09"
"188","9","view","2026-04-13 14:43:09"
"188","16","click","2026-04-10 05:41:09"
"188","24","click","2026-04-16 18:02:09"
"188","36","view","2026-04-21 04:43:09"
"189","123","click","2026-03-18 10:12:09"
"189","16","view","2026-03-17 22:07:09"
"189","182","view","2026-03-17 20:38:09"
"189","172","view","2026-03-18 13:31:09"
"189","81","view","2026-03-23 19:43:09"
"189","176","click","2026-03-19 19:53:09"
"189","94","view","2026-03-26 02:09:09"
"189","193","view","2026-03-27 16:51:09"
"190","193","click","2026-03-25 12:57:09"
"190","64","add_to_cart","2026-03-25 12:45:09"
"190","197","view","2026-03-28 15:23:09"
"190","17","view","2026-03-28 20:47:09"
"190","193","click","2026-03-28 05:08:09"
"190","42","view","2026-03-27 17:41:09"
"190","157","view","2026-03-29 06:20:09"
"190","135","view","2026-03-31 06:11:09"
"191","94","add_to_cart","2026-04-16 11:35:09"
"191","5","click","2026-04-18 07:55:09"
"191","22","click","2026-04-15 02:14:09"
"191","11","view","2026-04-19 00:51:09"
"191","27","view","2026-04-15 18:38:09"
"191","189","view","2026-04-24 19:17:09"
"191","128","click","2026-04-19 03:09:09"
"191","119","click","2026-04-26 08:35:09"
"192","62","add_to_cart","2026-04-02 10:38:09"
"192","72","view","2026-04-02 12:03:09"
"192","52","view","2026-04-02 22:44:09"
"192","115","view","2026-04-02 19:03:09"
"192","108","add_to_cart","2026-04-02 18:53:09"
"192","46","view","2026-04-05 14:23:09"
"192","25","view","2026-04-09 11:46:09"
"192","15","click","2026-04-13 16:35:09"
"193","145","view","2026-03-07 19:05:09"
"193","99","view","2026-03-08 05:43:09"
"193","121","view","2026-03-11 14:56:09"
"193","172","click","2026-03-11 00:35:09"
"193","2","view","2026-03-12 20:28:09"
"193","170","click","2026-03-12 08:47:09"
"193","119","add_to_cart","2026-03-14 16:33:09"
"193","128","view","2026-03-18 06:43:09"
"194","21","click","2026-04-01 20:23:09"
"194","92","view","2026-04-03 07:45:09"
"194","61","view","2026-04-01 05:47:09"
"194","25","view","2026-04-02 06:03:09"
"194","159","click","2026-04-07 17:58:09"
"194","194","view","2026-04-02 18:29:09"
"194","92","view","2026-04-04 15:29:09"
"194","63","view","2026-04-08 22:03:09"
"195","114","view","2026-03-12 08:29:09"
"195","80","view","2026-03-12 03:29:09"
"195","106","view","2026-03-13 01:02:09"
"195","166","view","2026-03-17 13:19:09"
"195","52","view","2026-03-18 23:08:09"
"195","13","click","2026-03-14 07:05:09"
"195","126","view","2026-03-12 06:17:09"
"195","184","view","2026-03-24 14:11:09"
"196","156","view","2026-03-26 17:23:09"
"196","4","view","2026-03-27 05:21:09"
"196","188","view","2026-03-30 06:05:09"
"196","4","click","2026-03-30 14:23:09"
"196","42","add_to_cart","2026-03-28 13:33:09"
"196","180","view","2026-04-02 03:53:09"
"196","74","view","2026-03-26 19:00:09"
"196","154","click","2026-03-26 12:51:09"
"197","78","view","2026-03-16 15:29:09"
"197","74","view","2026-03-16 14:47:09"
"197","32","click","2026-03-18 16:56:09"
"197","155","view","2026-03-16 18:03:09"
"197","111","click","2026-03-19 17:23:09"
"197","35","view","2026-03-18 09:47:09"
"197","144","view","2026-03-26 05:15:09"
"197","96","view","2026-03-22 04:35:09"
"198","51","click","2026-03-28 10:53:09"
"198","144","add_to_cart","2026-03-30 08:21:09"
"198","90","view","2026-03-27 12:47:09"
"198","26","click","2026-03-30 16:19:09"
"198","27","view","2026-03-28 10:58:09"
"198","151","click","2026-04-01 06:11:09"
"198","192","view","2026-03-27 06:45:09"
"198","83","view","2026-04-08 17:55:09"
"199","13","view","2026-03-20 07:27:09"
"199","44","view","2026-03-19 19:07:09"
"199","2","click","2026-03-19 01:56:09"
"199","148","click","2026-03-22 04:11:09"
"199","159","add_to_cart","2026-03-21 02:13:09"
"199","184","view","2026-03-19 08:11:09"
"199","28","add_to_cart","2026-03-27 19:37:09"
"199","128","view","2026-03-27 23:39:09"
"200","188","view","2026-04-07 12:07:09"
"200","55","view","2026-04-09 19:09:09"
"200","107","view","2026-04-11 12:08:09"
"200","1","view","2026-04-12 19:19:09"
"200","30","click","2026-04-12 13:58:09"
"200","141","view","2026-04-10 02:05:09"
"200","124","view","2026-04-13 19:12:09"
"200","98","click","2026-04-08 04:59:09"
"201","101","view","2026-03-23 10:57:09"
"201","18","click","2026-03-25 22:25:09"
"201","74","view","2026-03-25 14:17:09"
"201","76","click","2026-03-24 19:47:09"
"201","192","view","2026-03-27 01:28:09"
"201","122","view","2026-03-26 07:59:09"
"201","24","click","2026-03-30 00:06:09"
"201","195","view","2026-03-29 14:27:09"
"202","131","click","2026-04-10 14:25:09"
"202","2","click","2026-04-12 00:31:09"
"202","114","click","2026-04-10 13:59:09"
"202","193","view","2026-04-15 22:55:09"
"202","193","view","2026-04-13 03:13:09"
"202","45","click","2026-04-14 18:53:09"
"202","43","click","2026-04-11 17:52:09"
"202","24","view","2026-04-12 05:23:09"
"203","43","view","2026-03-11 11:05:09"
"203","110","click","2026-03-11 23:39:09"
"203","126","click","2026-03-13 21:44:09"
"203","137","view","2026-03-11 05:03:09"
"203","73","view","2026-03-17 18:28:09"
"203","95","view","2026-03-14 15:35:09"
"203","21","view","2026-03-18 04:18:09"
"203","116","view","2026-03-15 12:27:09"
"204","176","view","2026-03-31 05:44:09"
"204","42","click","2026-03-31 16:33:09"
"204","32","click","2026-04-04 01:08:09"
"204","72","click","2026-04-03 21:31:09"
"204","80","view","2026-04-07 06:28:09"
"204","161","view","2026-04-06 20:35:09"
"204","111","view","2026-04-10 06:09:09"
"204","153","view","2026-04-11 10:51:09"
"205","69","view","2026-04-13 04:28:09"
"205","34","view","2026-04-12 16:01:09"
"205","27","view","2026-04-13 18:23:09"
"205","123","add_to_cart","2026-04-16 02:31:09"
"205","104","click","2026-04-20 04:58:09"
"205","157","click","2026-04-15 23:59:09"
"205","113","view","2026-04-21 01:27:09"
"205","156","view","2026-04-20 14:27:09"
"206","25","view","2026-03-21 01:05:09"
"206","53","view","2026-03-20 18:59:09"
"206","16","add_to_cart","2026-03-22 19:38:09"
"206","149","view","2026-03-24 15:51:09"
"206","61","view","2026-03-27 22:08:09"
"206","51","view","2026-03-24 06:59:09"
"206","151","click","2026-03-23 15:36:09"
"206","67","add_to_cart","2026-03-22 02:43:09"
"207","72","view","2026-03-10 14:55:09"
"207","40","view","2026-03-11 01:51:09"
"207","127","view","2026-03-14 11:23:09"
"207","138","click","2026-03-14 01:03:09"
"207","109","click","2026-03-14 12:08:09"
"207","180","view","2026-03-14 08:23:09"
"207","100","click","2026-03-15 11:21:09"
"207","62","view","2026-03-19 14:03:09"
"208","158","view","2026-04-04 02:42:09"
"208","66","click","2026-04-04 11:55:09"
"208","24","view","2026-04-05 05:44:09"
"208","62","click","2026-04-04 18:15:09"
"208","62","view","2026-04-04 08:53:09"
"208","76","view","2026-04-04 17:47:09"
"208","1","click","2026-04-11 16:26:09"
"208","139","click","2026-04-07 02:43:09"
"209","180","view","2026-03-31 06:03:09"
"209","188","click","2026-04-01 05:29:09"
"209","108","view","2026-03-30 18:02:09"
"209","198","click","2026-04-05 14:27:09"
"209","85","click","2026-04-05 14:38:09"
"209","94","click","2026-04-01 06:11:09"
"209","160","click","2026-04-02 14:19:09"
"209","178","view","2026-04-02 22:03:09"
"210","162","view","2026-04-12 10:22:09"
"210","197","view","2026-04-13 20:45:09"
"210","171","add_to_cart","2026-04-16 12:20:09"
"210","12","view","2026-04-13 06:39:09"
"210","173","view","2026-04-16 08:28:09"
"210","28","view","2026-04-17 00:53:09"
"210","39","click","2026-04-15 22:43:09"
"210","185","click","2026-04-16 02:59:09"
"211","38","view","2026-03-24 07:07:09"
"211","11","view","2026-03-26 15:15:09"
"211","112","view","2026-03-28 22:59:09"
"211","79","view","2026-03-29 14:59:09"
"211","65","view","2026-03-24 21:13:09"
"211","42","click","2026-03-28 15:05:09"
"211","13","view","2026-03-31 07:06:09"
"211","47","click","2026-03-27 07:39:09"
"212","145","click","2026-03-12 15:54:09"
"212","102","click","2026-03-12 20:13:09"
"212","157","click","2026-03-15 19:20:09"
"212","20","view","2026-03-13 15:39:09"
"212","57","view","2026-03-14 10:03:09"
"212","47","view","2026-03-18 12:23:09"
"212","86","click","2026-03-16 19:31:09"
"212","174","view","2026-03-14 04:19:09"
"213","48","add_to_cart","2026-04-15 11:06:09"
"213","147","view","2026-04-15 14:21:09"
"213","197","view","2026-04-15 22:38:09"
"213","124","view","2026-04-21 09:19:09"
"213","124","view","2026-04-20 12:18:09"
"213","32","add_to_cart","2026-04-24 22:05:09"
"213","94","view","2026-04-19 00:49:09"
"213","44","view","2026-04-27 23:15:09"
"214","155","view","2026-04-15 06:29:09"
"214","81","click","2026-04-15 02:43:09"
"214","77","view","2026-04-19 16:08:09"
"214","146","view","2026-04-18 15:07:09"
"214","120","click","2026-04-16 03:33:09"
"214","172","view","2026-04-17 21:11:09"
"214","117","add_to_cart","2026-04-16 21:36:09"
"214","147","click","2026-04-23 04:35:09"
"215","177","add_to_cart","2026-03-27 20:14:09"
"215","200","view","2026-03-29 23:07:09"
"215","95","click","2026-03-27 16:32:09"
"215","139","view","2026-04-02 12:39:09"
"215","43","click","2026-04-03 12:18:09"
"215","115","view","2026-04-02 18:59:09"
"215","85","view","2026-04-02 20:57:09"
"215","42","view","2026-04-08 02:03:09"
"216","47","click","2026-03-12 00:26:09"
"216","110","click","2026-03-11 17:51:09"
"216","4","view","2026-03-13 03:11:09"
"216","157","click","2026-03-16 20:47:09"
"216","16","view","2026-03-18 09:08:09"
"216","195","click","2026-03-15 09:41:09"
"216","12","view","2026-03-14 13:37:09"
"216","131","click","2026-03-15 21:23:09"
"217","39","view","2026-03-10 02:47:09"
"217","125","view","2026-03-10 04:19:09"
"217","8","view","2026-03-14 10:35:09"
"217","76","view","2026-03-14 17:35:09"
"217","33","view","2026-03-12 07:28:09"
"217","64","view","2026-03-16 04:11:09"
"217","19","click","2026-03-17 06:24:09"
"217","184","view","2026-03-21 03:55:09"
"218","124","add_to_cart","2026-03-24 17:11:09"
"218","115","click","2026-03-25 13:21:09"
"218","101","view","2026-03-24 21:50:09"
"218","33","view","2026-03-28 03:23:09"
"218","143","view","2026-03-27 01:18:09"
"218","155","view","2026-03-29 12:05:09"
"218","166","view","2026-03-31 12:49:09"
"218","183","view","2026-03-26 12:35:09"
"219","141","view","2026-04-14 05:26:09"
"219","173","view","2026-04-14 05:59:09"
"219","52","click","2026-04-16 14:41:09"
"219","126","view","2026-04-17 18:47:09"
"219","154","view","2026-04-14 01:03:09"
"219","50","view","2026-04-17 22:23:09"
"219","191","view","2026-04-16 03:42:09"
"219","6","add_to_cart","2026-04-22 18:27:09"
"220","178","click","2026-04-16 05:01:09"
"220","127","click","2026-04-16 17:59:09"
"220","9","click","2026-04-19 11:08:09"
"220","65","click","2026-04-15 06:47:09"
"220","65","view","2026-04-15 15:08:09"
"220","115","click","2026-04-18 00:35:09"
"220","162","view","2026-04-15 15:16:09"
"220","185","view","2026-04-23 17:39:09"
"221","164","view","2026-03-26 01:01:09"
"221","184","view","2026-03-28 01:21:09"
"221","119","view","2026-03-29 02:14:09"
"221","69","view","2026-03-31 16:51:09"
"221","2","click","2026-03-29 09:53:09"
"221","36","view","2026-03-31 10:41:09"
"221","106","view","2026-03-29 17:09:09"
"221","18","view","2026-03-31 18:51:09"
"222","107","click","2026-03-09 20:38:09"
"222","195","view","2026-03-09 21:15:09"
"222","99","add_to_cart","2026-03-10 06:32:09"
"222","165","view","2026-03-14 11:39:09"
"222","177","view","2026-03-11 04:38:09"
"222","8","view","2026-03-09 18:23:09"
"222","167","view","2026-03-18 09:51:09"
"222","10","click","2026-03-17 14:35:09"
"223","106","click","2026-03-25 15:50:09"
"223","171","view","2026-03-25 23:45:09"
"223","83","click","2026-03-28 06:50:09"
"223","126","add_to_cart","2026-03-25 10:31:09"
"223","97","click","2026-03-28 22:03:09"
"223","72","add_to_cart","2026-03-27 13:11:09"
"223","47","view","2026-03-25 06:24:09"
"223","137","click","2026-03-30 13:55:09"
"224","7","click","2026-04-11 23:54:09"
"224","43","view","2026-04-13 16:09:09"
"224","138","view","2026-04-13 11:35:09"
"224","72","view","2026-04-17 17:11:09"
"224","11","click","2026-04-15 23:03:09"
"224","48","click","2026-04-19 16:35:09"
"224","73","click","2026-04-20 18:57:09"
"224","101","view","2026-04-23 22:03:09"
"225","15","view","2026-03-30 03:12:09"
"225","10","click","2026-03-29 10:57:09"
"225","164","view","2026-03-30 12:59:09"
"225","50","view","2026-04-01 20:11:09"
"225","40","click","2026-04-06 07:43:09"
"225","102","view","2026-03-30 20:11:09"
"225","168","view","2026-03-29 13:03:09"
"225","37","view","2026-03-30 07:31:09"
"226","173","click","2026-04-01 12:53:09"
"226","1","view","2026-04-01 21:53:09"
"226","158","click","2026-04-04 14:08:09"
"226","142","view","2026-04-05 05:23:09"
"226","20","view","2026-04-04 16:03:09"
"226","108","view","2026-04-11 00:41:09"
"226","78","view","2026-04-08 03:43:09"
"226","109","click","2026-04-12 10:51:09"
"227","21","view","2026-03-11 00:04:09"
"227","152","view","2026-03-11 08:39:09"
"227","103","view","2026-03-14 12:08:09"
"227","69","click","2026-03-12 10:39:09"
"227","100","click","2026-03-15 13:28:09"
"227","72","click","2026-03-19 04:35:09"
"227","199","view","2026-03-18 07:15:09"
"227","78","view","2026-03-14 19:47:09"
"228","196","view","2026-03-18 18:47:09"
"228","192","view","2026-03-18 08:25:09"
"228","131","click","2026-03-22 07:08:09"
"228","134","view","2026-03-20 13:23:09"
"228","49","view","2026-03-20 13:03:09"
"228","29","view","2026-03-21 17:35:09"
"228","140","view","2026-03-24 16:24:09"
"228","7","view","2026-03-19 02:19:09"
"229","64","click","2026-03-31 02:18:09"
"229","158","view","2026-03-31 03:01:09"
"229","66","click","2026-04-04 14:53:09"
"229","18","view","2026-04-04 21:15:09"
"229","144","view","2026-04-04 22:13:09"
"229","154","click","2026-04-01 09:23:09"
"229","19","view","2026-04-10 20:58:09"
"229","49","view","2026-04-05 14:19:09"
"230","54","click","2026-03-22 06:56:09"
"230","63","view","2026-03-24 15:01:09"
"230","184","click","2026-03-23 22:20:09"
"230","47","view","2026-03-24 15:59:09"
"230","22","click","2026-03-26 13:58:09"
"230","91","view","2026-03-30 23:23:09"
"230","93","view","2026-03-26 01:24:09"
"230","8","view","2026-03-26 00:51:09"
"231","160","view","2026-04-04 20:37:09"
"231","28","view","2026-04-06 04:51:09"
"231","111","view","2026-04-04 20:50:09"
"231","175","view","2026-04-09 18:23:09"
"231","130","view","2026-04-10 14:43:09"
"231","197","view","2026-04-09 01:59:09"
"231","50","click","2026-04-10 17:06:09"
"231","64","view","2026-04-07 07:07:09"
"232","67","view","2026-03-14 13:58:09"
"232","82","add_to_cart","2026-03-16 01:49:09"
"232","171","view","2026-03-15 09:20:09"
"232","41","click","2026-03-14 11:27:09"
"232","107","view","2026-03-21 03:38:09"
"232","83","click","2026-03-13 08:17:09"
"232","18","view","2026-03-20 00:20:09"
"232","15","click","2026-03-24 15:15:09"
"233","158","click","2026-03-29 13:58:09"
"233","192","view","2026-03-30 01:39:09"
"233","160","click","2026-03-29 19:17:09"
"233","198","view","2026-03-31 06:07:09"
"233","174","view","2026-03-29 12:13:09"
"233","23","click","2026-04-04 21:23:09"
"233","60","view","2026-03-30 02:58:09"
"233","2","view","2026-04-09 22:19:09"
"234","64","click","2026-03-14 07:53:09"
"234","14","click","2026-03-14 12:11:09"
"234","157","view","2026-03-16 12:59:09"
"234","111","view","2026-03-14 20:47:09"
"234","194","view","2026-03-17 23:58:09"
"234","38","view","2026-03-17 07:53:09"
"234","49","view","2026-03-14 07:41:09"
"234","13","view","2026-03-26 15:23:09"
"235","83","add_to_cart","2026-04-14 03:38:09"
"235","24","view","2026-04-14 15:21:09"
"235","187","add_to_cart","2026-04-17 04:56:09"
"235","142","view","2026-04-14 14:31:09"
"235","35","add_to_cart","2026-04-19 04:33:09"
"235","196","view","2026-04-22 12:47:09"
"235","77","view","2026-04-14 07:29:09"
"235","26","view","2026-04-17 17:47:09"
"236","52","view","2026-04-09 17:51:09"
"236","61","view","2026-04-09 10:11:09"
"236","147","view","2026-04-11 05:14:09"
"236","8","add_to_cart","2026-04-13 12:19:09"
"236","27","view","2026-04-12 22:58:09"
"236","36","click","2026-04-16 11:29:09"
"236","21","view","2026-04-18 01:13:09"
"236","153","view","2026-04-15 13:39:09"
"237","176","view","2026-04-15 07:18:09"
"237","56","view","2026-04-14 21:13:09"
"237","29","click","2026-04-14 04:44:09"
"237","66","view","2026-04-19 06:31:09"
"237","112","view","2026-04-16 03:18:09"
"237","45","add_to_cart","2026-04-24 01:17:09"
"237","100","view","2026-04-15 13:19:09"
"237","196","view","2026-04-25 15:39:09"
"238","143","view","2026-03-27 16:49:09"
"238","167","view","2026-03-28 05:09:09"
"238","165","view","2026-03-26 17:50:09"
"238","69","add_to_cart","2026-03-31 04:35:09"
"238","200","view","2026-04-03 06:43:09"
"238","37","view","2026-03-28 19:53:09"
"238","32","add_to_cart","2026-03-28 04:50:09"
"238","39","click","2026-04-01 20:19:09"
"239","83","view","2026-03-08 04:38:09"
"239","100","add_to_cart","2026-03-10 12:45:09"
"239","135","view","2026-03-09 02:59:09"
"239","167","click","2026-03-08 14:43:09"
"239","109","view","2026-03-14 08:18:09"
"239","176","click","2026-03-13 15:23:09"
"239","179","view","2026-03-16 05:37:09"
"239","142","click","2026-03-19 07:23:09"
"240","141","view","2026-03-08 08:30:09"
"240","49","add_to_cart","2026-03-10 17:11:09"
"240","118","add_to_cart","2026-03-08 15:56:09"
"240","60","view","2026-03-11 16:03:09"
"240","134","click","2026-03-08 16:43:09"
"240","87","view","2026-03-13 07:47:09"
"240","73","add_to_cart","2026-03-13 09:22:09"
"240","36","view","2026-03-20 23:23:09"
"241","1","view","2026-04-09 01:07:09"
"241","102","view","2026-04-08 22:17:09"
"241","125","click","2026-04-09 21:53:09"
"241","143","view","2026-04-12 14:03:09"
"241","84","view","2026-04-10 16:38:09"
"241","111","view","2026-04-08 22:23:09"
"241","31","view","2026-04-12 03:37:09"
"241","52","click","2026-04-08 20:03:09"
"242","112","view","2026-03-16 18:41:09"
"242","151","view","2026-03-17 02:03:09"
"242","6","click","2026-03-17 13:32:09"
"242","6","view","2026-03-17 20:19:09"
"242","174","view","2026-03-18 20:18:09"
"242","149","click","2026-03-19 14:35:09"
"242","158","view","2026-03-25 20:28:09"
"242","18","view","2026-03-21 08:19:09"
"243","3","view","2026-04-06 15:54:09"
"243","60","view","2026-04-05 10:59:09"
"243","20","view","2026-04-08 07:44:09"
"243","149","view","2026-04-05 08:15:09"
"243","11","click","2026-04-12 08:18:09"
"243","160","view","2026-04-08 18:53:09"
"243","134","view","2026-04-11 15:21:09"
"243","176","view","2026-04-16 19:39:09"
"244","178","view","2026-04-09 20:31:09"
"244","78","click","2026-04-10 19:45:09"
"244","115","click","2026-04-09 03:26:09"
"244","53","view","2026-04-13 12:19:09"
"244","146","view","2026-04-13 20:38:09"
"244","43","view","2026-04-18 11:59:09"
"244","160","view","2026-04-19 18:45:09"
"244","94","view","2026-04-20 01:31:09"
"245","37","view","2026-03-23 08:27:09"
"245","17","view","2026-03-26 04:17:09"
"245","45","view","2026-03-27 13:14:09"
"245","87","view","2026-03-25 16:27:09"
"245","108","view","2026-03-31 00:08:09"
"245","164","click","2026-03-25 11:23:09"
"245","23","view","2026-03-31 01:11:09"
"245","23","add_to_cart","2026-03-30 04:03:09"
"246","168","click","2026-03-25 15:52:09"
"246","146","view","2026-03-26 10:27:09"
"246","121","add_to_cart","2026-03-28 03:32:09"
"246","58","click","2026-03-28 13:11:09"
"246","39","view","2026-03-25 21:03:09"
"246","36","view","2026-04-02 22:11:09"
"246","106","click","2026-03-25 22:25:09"
"246","189","view","2026-04-05 18:19:09"
"247","165","view","2026-03-09 03:57:09"
"247","136","click","2026-03-10 10:51:09"
"247","158","click","2026-03-08 15:44:09"
"247","85","view","2026-03-13 06:43:09"
"247","182","view","2026-03-12 01:18:09"
"247","151","view","2026-03-13 19:05:09"
"247","53","view","2026-03-19 04:26:09"
"247","51","click","2026-03-15 08:35:09"
"248","121","view","2026-04-10 02:54:09"
"248","84","click","2026-04-11 07:09:09"
"248","131","view","2026-04-09 02:05:09"
"248","77","view","2026-04-11 16:39:09"
"248","28","click","2026-04-13 03:18:09"
"248","156","click","2026-04-13 02:17:09"
"248","131","view","2026-04-17 09:28:09"
"248","150","view","2026-04-19 10:19:09"
"249","35","view","2026-03-22 01:29:09"
"249","35","click","2026-03-24 06:25:09"
"249","41","view","2026-03-25 04:59:09"
"249","147","click","2026-03-25 09:47:09"
"249","183","add_to_cart","2026-03-27 00:08:09"
"249","197","click","2026-03-30 22:53:09"
"249","17","view","2026-03-26 11:14:09"
"249","33","click","2026-03-28 03:23:09"
"250","78","view","2026-03-19 13:29:09"
"250","124","click","2026-03-18 01:49:09"
"250","32","view","2026-03-20 23:41:09"
"250","55","view","2026-03-23 20:23:09"
"250","37","click","2026-03-21 06:38:09"
"250","109","click","2026-03-23 06:17:09"
"250","169","view","2026-03-29 01:03:09"
"250","188","click","2026-03-20 22:51:09"
"251","54","add_to_cart","2026-03-27 12:20:09"
"251","110","add_to_cart","2026-03-26 19:43:09"
"251","106","view","2026-03-30 08:05:09"
"251","38","view","2026-03-26 04:31:09"
"251","138","view","2026-03-31 04:53:09"
"251","190","click","2026-03-28 10:41:09"
"251","195","click","2026-03-28 22:48:09"
"251","2","view","2026-03-30 17:55:09"
"252","81","add_to_cart","2026-03-12 15:18:09"
"252","45","click","2026-03-15 06:43:09"
"252","41","click","2026-03-14 07:23:09"
"252","24","view","2026-03-13 16:47:09"
"252","198","view","2026-03-19 19:48:09"
"252","171","view","2026-03-15 04:05:09"
"252","90","view","2026-03-16 18:54:09"
"252","159","click","2026-03-22 01:47:09"
"253","95","view","2026-03-30 07:49:09"
"253","177","view","2026-03-31 16:49:09"
"253","104","add_to_cart","2026-03-31 03:17:09"
"253","57","click","2026-04-04 23:59:09"
"253","108","click","2026-03-30 17:03:09"
"253","63","view","2026-04-04 21:47:09"
"253","190","add_to_cart","2026-04-09 14:05:09"
"253","70","click","2026-04-10 17:23:09"
"254","45","click","2026-03-14 14:12:09"
"254","55","view","2026-03-17 07:23:09"
"254","165","view","2026-03-17 06:05:09"
"254","9","view","2026-03-14 17:31:09"
"254","146","click","2026-03-15 02:38:09"
"254","167","add_to_cart","2026-03-17 09:23:09"
"254","43","view","2026-03-22 06:12:09"
"254","141","view","2026-03-27 02:51:09"
"255","29","view","2026-03-28 03:10:09"
"255","113","view","2026-03-28 04:47:09"
"255","70","click","2026-03-30 09:02:09"
"255","149","click","2026-04-01 22:35:09"
"255","6","view","2026-04-05 05:08:09"
"255","5","add_to_cart","2026-03-30 21:59:09"
"255","51","view","2026-03-28 19:35:09"
"255","18","click","2026-04-08 13:23:09"
"256","199","click","2026-03-09 06:12:09"
"256","146","click","2026-03-10 02:35:09"
"256","24","click","2026-03-12 11:50:09"
"256","11","click","2026-03-10 11:19:09"
"256","103","view","2026-03-13 17:53:09"
"256","175","view","2026-03-08 18:11:09"
"256","36","add_to_cart","2026-03-15 12:21:09"
"256","79","view","2026-03-18 14:51:09"
"257","118","click","2026-03-26 05:18:09"
"257","136","view","2026-03-27 13:23:09"
"257","21","view","2026-03-27 11:41:09"
"257","135","view","2026-03-28 02:27:09"
"257","42","add_to_cart","2026-04-01 16:23:09"
"257","23","view","2026-03-28 21:23:09"
"257","114","view","2026-04-04 02:16:09"
"257","182","view","2026-03-28 15:31:09"
"258","122","click","2026-03-11 07:45:09"
"258","112","view","2026-03-13 07:41:09"
"258","133","view","2026-03-15 22:11:09"
"258","56","view","2026-03-17 11:15:09"
"258","51","view","2026-03-18 03:33:09"
"258","182","view","2026-03-17 06:05:09"
"258","37","click","2026-03-11 17:22:09"
"258","71","add_to_cart","2026-03-17 16:43:09"
"259","36","click","2026-03-29 02:54:09"
"259","74","view","2026-03-31 03:57:09"
"259","199","view","2026-03-30 07:41:09"
"259","43","view","2026-03-31 12:27:09"
"259","66","click","2026-04-04 00:43:09"
"259","103","click","2026-04-01 06:41:09"
"259","142","view","2026-03-28 13:24:09"
"259","53","view","2026-04-09 05:15:09"
"260","24","view","2026-04-08 22:51:09"
"260","45","view","2026-04-09 00:49:09"
"260","116","view","2026-04-11 08:53:09"
"260","132","view","2026-04-11 04:59:09"
"260","67","view","2026-04-08 04:38:09"
"260","65","view","2026-04-15 20:05:09"
"260","54","view","2026-04-15 18:53:09"
"260","59","view","2026-04-10 17:39:09"
"261","178","view","2026-03-19 16:47:09"
"261","180","view","2026-03-21 05:01:09"
"261","133","view","2026-03-22 02:26:09"
"261","37","click","2026-03-25 12:11:09"
"261","121","view","2026-03-26 03:43:09"
"261","61","click","2026-03-28 06:05:09"
"261","19","view","2026-03-25 14:53:09"
"261","84","view","2026-03-20 06:03:09"
"262","180","view","2026-04-14 02:36:09"
"262","31","click","2026-04-16 21:01:09"
"262","9","view","2026-04-17 07:23:09"
"262","162","view","2026-04-17 14:23:09"
"262","114","view","2026-04-22 03:48:09"
"262","60","click","2026-04-21 14:05:09"
"262","196","view","2026-04-20 22:07:09"
"262","157","view","2026-04-20 16:19:09"
"263","164","view","2026-04-16 10:38:09"
"263","98","view","2026-04-17 20:59:09"
"263","119","click","2026-04-18 11:35:09"
"263","172","click","2026-04-17 09:47:09"
"263","120","click","2026-04-20 03:33:09"
"263","32","view","2026-04-24 22:23:09"
"263","90","click","2026-04-22 13:38:09"
"263","197","view","2026-04-27 13:39:09"
"264","167","click","2026-04-02 15:09:09"
"264","192","click","2026-04-05 08:03:09"
"264","67","click","2026-04-03 00:17:09"
"264","114","view","2026-04-04 09:43:09"
"264","81","view","2026-04-08 07:33:09"
"264","157","view","2026-04-08 01:29:09"
"264","77","click","2026-04-10 19:30:09"
"264","131","view","2026-04-13 06:43:09"
"265","188","add_to_cart","2026-03-18 00:03:09"
"265","39","add_to_cart","2026-03-17 21:37:09"
"265","197","add_to_cart","2026-03-20 08:56:09"
"265","104","view","2026-03-18 09:27:09"
"265","82","click","2026-03-17 04:43:09"
"265","159","view","2026-03-21 11:59:09"
"265","181","view","2026-03-27 23:25:09"
"265","183","click","2026-03-19 10:43:09"
"266","92","view","2026-03-17 13:35:09"
"266","102","add_to_cart","2026-03-17 02:47:09"
"266","159","view","2026-03-20 03:47:09"
"266","80","add_to_cart","2026-03-16 23:03:09"
"266","193","click","2026-03-18 09:08:09"
"266","112","view","2026-03-24 02:59:09"
"266","99","click","2026-03-25 04:08:09"
"266","52","view","2026-03-19 04:51:09"
"267","94","click","2026-03-28 23:39:09"
"267","144","click","2026-03-29 16:39:09"
"267","116","click","2026-04-01 13:38:09"
"267","15","add_to_cart","2026-03-28 03:19:09"
"267","25","add_to_cart","2026-04-04 02:53:09"
"267","67","view","2026-03-29 14:59:09"
"267","135","click","2026-04-08 10:16:09"
"267","157","view","2026-04-01 06:59:09"
"268","84","view","2026-04-15 14:36:09"
"268","143","view","2026-04-16 12:03:09"
"268","121","click","2026-04-17 07:08:09"
"268","199","click","2026-04-17 12:35:09"
"268","118","view","2026-04-16 09:13:09"
"268","166","click","2026-04-21 23:41:09"
"268","165","view","2026-04-14 15:30:09"
"268","14","view","2026-04-17 04:03:09"
"269","177","view","2026-03-21 04:35:09"
"269","3","view","2026-03-22 22:45:09"
"269","194","view","2026-03-25 16:14:09"
"269","44","click","2026-03-21 12:47:09"
"269","19","view","2026-03-28 18:28:09"
"269","147","view","2026-03-30 20:23:09"
"269","161","view","2026-03-25 00:07:09"
"269","8","view","2026-03-31 18:51:09"
"270","96","view","2026-04-15 08:52:09"
"270","12","click","2026-04-14 08:41:09"
"270","113","view","2026-04-17 06:44:09"
"270","51","view","2026-04-16 01:51:09"
"270","55","click","2026-04-14 14:53:09"
"270","16","view","2026-04-17 02:23:09"
"270","182","click","2026-04-25 08:10:09"
"270","68","add_to_cart","2026-04-15 22:03:09"
"271","195","view","2026-03-29 19:25:09"
"271","191","view","2026-03-31 02:03:09"
"271","27","view","2026-04-02 20:47:09"
"271","102","click","2026-03-30 16:35:09"
"271","86","click","2026-04-01 02:43:09"
"271","138","view","2026-03-29 09:17:09"
"271","7","view","2026-04-03 07:37:09"
"271","88","click","2026-03-31 14:43:09"
"272","53","click","2026-04-10 11:34:09"
"272","84","click","2026-04-11 10:03:09"
"272","7","view","2026-04-10 21:08:09"
"272","78","click","2026-04-09 21:51:09"
"272","67","view","2026-04-13 12:18:09"
"272","57","click","2026-04-16 02:53:09"
"272","108","click","2026-04-15 14:53:09"
"272","74","view","2026-04-18 08:59:09"
"273","193","click","2026-03-12 12:43:09"
"273","121","view","2026-03-15 06:17:09"
"273","159","view","2026-03-13 07:08:09"
"273","42","view","2026-03-18 16:35:09"
"273","40","view","2026-03-15 00:23:09"
"273","23","view","2026-03-20 11:47:09"
"273","7","view","2026-03-16 11:54:09"
"273","106","click","2026-03-20 22:51:09"
"274","160","click","2026-03-17 19:08:09"
"274","76","view","2026-03-19 06:15:09"
"274","180","add_to_cart","2026-03-21 15:11:09"
"274","46","click","2026-03-18 18:11:09"
"274","155","view","2026-03-18 13:58:09"
"274","35","add_to_cart","2026-03-25 10:53:09"
"274","96","view","2026-03-27 16:32:09"
"274","160","view","2026-03-21 08:27:09"
"275","178","add_to_cart","2026-04-07 13:13:09"
"275","39","add_to_cart","2026-04-09 11:19:09"
"275","166","view","2026-04-09 03:20:09"
"275","172","view","2026-04-13 15:07:09"
"275","190","view","2026-04-11 21:48:09"
"275","45","click","2026-04-12 11:11:09"
"275","77","view","2026-04-17 21:40:09"
"275","142","click","2026-04-07 05:15:09"
"276","149","click","2026-04-07 02:11:09"
"276","194","click","2026-04-07 18:15:09"
"276","136","click","2026-04-07 18:50:09"
"276","143","view","2026-04-06 14:43:09"
"276","31","click","2026-04-06 21:23:09"
"276","144","click","2026-04-11 10:17:09"
"276","104","click","2026-04-14 04:13:09"
"276","86","view","2026-04-10 02:11:09"
"277","50","click","2026-03-12 12:26:09"
"277","95","view","2026-03-12 05:31:09"
"277","182","view","2026-03-16 15:20:09"
"277","57","click","2026-03-15 18:51:09"
"277","71","click","2026-03-12 22:33:09"
"277","41","click","2026-03-20 16:53:09"
"277","4","add_to_cart","2026-03-20 17:52:09"
"277","64","click","2026-03-13 17:39:09"
"278","196","add_to_cart","2026-03-17 15:59:09"
"278","25","click","2026-03-19 20:11:09"
"278","99","click","2026-03-20 05:44:09"
"278","30","click","2026-03-19 18:19:09"
"278","32","view","2026-03-20 15:38:09"
"278","117","view","2026-03-26 00:05:09"
"278","112","click","2026-03-17 10:22:09"
"278","113","view","2026-03-22 15:23:09"
"279","199","view","2026-03-11 12:46:09"
"279","31","click","2026-03-13 23:51:09"
"279","108","click","2026-03-15 02:05:09"
"279","66","view","2026-03-13 07:11:09"
"279","98","view","2026-03-17 06:48:09"
"279","123","click","2026-03-11 19:53:09"
"279","105","view","2026-03-21 06:02:09"
"279","58","view","2026-03-22 06:59:09"
"280","40","view","2026-04-01 05:26:09"
"280","105","view","2026-04-03 01:09:09"
"280","89","click","2026-04-02 10:35:09"
"280","91","click","2026-04-02 18:51:09"
"280","146","add_to_cart","2026-04-05 03:43:09"
"280","11","click","2026-03-31 17:47:09"
"280","149","add_to_cart","2026-03-31 23:33:09"
"280","58","view","2026-04-10 18:27:09"
"281","129","view","2026-03-21 06:47:09"
"281","153","click","2026-03-21 11:53:09"
"281","66","click","2026-03-22 16:38:09"
"281","122","click","2026-03-23 05:47:09"
"281","157","add_to_cart","2026-03-22 22:33:09"
"281","182","click","2026-03-28 11:59:09"
"281","23","view","2026-03-23 06:58:09"
"281","165","view","2026-03-30 08:43:09"
"282","21","view","2026-04-01 21:24:09"
"282","189","view","2026-04-02 20:15:09"
"282","122","click","2026-04-05 21:14:09"
"282","120","click","2026-04-02 07:31:09"
"282","122","add_to_cart","2026-04-08 04:23:09"
"282","150","view","2026-04-04 00:47:09"
"282","49","add_to_cart","2026-04-11 20:37:09"
"282","98","click","2026-04-10 01:39:09"
"283","76","add_to_cart","2026-03-11 09:29:09"
"283","146","view","2026-03-12 09:49:09"
"283","29","view","2026-03-13 12:11:09"
"283","74","view","2026-03-16 14:07:09"
"283","96","view","2026-03-15 14:38:09"
"283","162","view","2026-03-14 05:53:09"
"283","54","view","2026-03-12 05:02:09"
"283","12","view","2026-03-20 23:23:09"
"284","81","view","2026-04-10 07:35:09"
"284","4","view","2026-04-09 05:17:09"
"284","165","view","2026-04-12 03:44:09"
"284","195","click","2026-04-11 20:59:09"
"284","36","click","2026-04-13 04:23:09"
"284","111","add_to_cart","2026-04-09 19:35:09"
"284","4","view","2026-04-18 18:36:09"
"284","163","click","2026-04-16 07:15:09"
"285","118","view","2026-04-14 09:05:09"
"285","34","view","2026-04-14 03:37:09"
"285","195","view","2026-04-14 21:02:09"
"285","55","click","2026-04-16 04:47:09"
"285","19","click","2026-04-20 17:38:09"
"285","88","view","2026-04-14 04:47:09"
"285","99","click","2026-04-20 04:37:09"
"285","161","click","2026-04-16 05:39:09"
"286","182","view","2026-03-11 00:29:09"
"286","22","view","2026-03-12 05:23:09"
"286","76","view","2026-03-12 18:56:09"
"286","48","view","2026-03-15 19:35:09"
"286","99","view","2026-03-13 17:53:09"
"286","62","add_to_cart","2026-03-10 20:29:09"
"286","120","view","2026-03-13 13:37:09"
"286","79","view","2026-03-16 08:43:09"
"287","110","click","2026-04-13 22:42:09"
"287","154","view","2026-04-14 10:45:09"
"287","93","view","2026-04-15 03:56:09"
"287","1","click","2026-04-14 19:07:09"
"287","71","add_to_cart","2026-04-14 06:18:09"
"287","34","view","2026-04-22 12:47:09"
"287","148","add_to_cart","2026-04-20 08:09:09"
"287","198","click","2026-04-16 10:43:09"
"288","43","view","2026-04-07 14:19:09"
"288","146","view","2026-04-08 06:47:09"
"288","63","click","2026-04-08 13:47:09"
"288","143","view","2026-04-10 14:43:09"
"288","95","view","2026-04-10 09:43:09"
"288","161","click","2026-04-14 13:59:09"
"288","172","view","2026-04-09 09:32:09"
"288","3","click","2026-04-15 11:23:09"
"289","144","view","2026-03-27 15:27:09"
"289","85","click","2026-03-30 03:49:09"
"289","28","view","2026-03-27 02:29:09"
"289","25","view","2026-03-29 21:59:09"
"289","179","view","2026-03-31 13:58:09"
"289","6","view","2026-04-05 23:53:09"
"289","149","view","2026-03-31 12:29:09"
"289","25","click","2026-04-03 06:11:09"
"290","58","view","2026-03-30 05:42:09"
"290","47","click","2026-03-31 17:49:09"
"290","116","view","2026-04-02 19:02:09"
"290","8","view","2026-03-29 22:59:09"
"290","40","view","2026-04-04 04:43:09"
"290","125","add_to_cart","2026-03-31 19:53:09"
"290","192","view","2026-04-08 08:50:09"
"290","197","add_to_cart","2026-04-10 08:19:09"
"291","191","click","2026-04-01 15:27:09"
"291","195","click","2026-04-02 22:37:09"
"291","97","view","2026-04-04 22:50:09"
"291","25","view","2026-04-01 13:35:09"
"291","164","click","2026-04-05 19:53:09"
"291","33","view","2026-04-06 03:11:09"
"291","49","click","2026-04-11 13:25:09"
"291","197","view","2026-04-02 08:19:09"
"292","195","view","2026-03-23 17:34:09"
"292","151","click","2026-03-25 12:09:09"
"292","190","click","2026-03-27 03:56:09"
"292","137","view","2026-03-27 16:23:09"
"292","87","click","2026-03-28 18:33:09"
"292","72","view","2026-03-31 10:35:09"
"292","184","click","2026-03-30 00:13:09"
"292","32","view","2026-03-28 19:15:09"
"293","81","click","2026-03-23 02:27:09"
"293","126","view","2026-03-24 17:13:09"
"293","142","add_to_cart","2026-03-24 06:56:09"
"293","53","click","2026-03-25 16:19:09"
"293","24","view","2026-03-25 04:58:09"
"293","153","view","2026-03-25 03:47:09"
"293","26","view","2026-04-02 22:50:09"
"293","34","view","2026-04-01 16:27:09"
"294","11","view","2026-03-28 07:08:09"
"294","72","view","2026-03-31 05:39:09"
"294","103","click","2026-03-29 14:29:09"
"294","66","view","2026-04-01 14:51:09"
"294","135","view","2026-03-28 03:13:09"
"294","47","view","2026-04-01 13:59:09"
"294","185","click","2026-04-06 08:06:09"
"294","197","view","2026-04-06 15:07:09"
"295","40","click","2026-03-09 13:49:09"
"295","5","view","2026-03-09 06:45:09"
"295","9","view","2026-03-09 11:02:09"
"295","172","view","2026-03-09 21:31:09"
"295","15","click","2026-03-09 18:48:09"
"295","58","view","2026-03-08 13:11:09"
"295","90","view","2026-03-11 21:19:09"
"295","1","add_to_cart","2026-03-12 14:59:09"
"296","102","add_to_cart","2026-04-09 13:22:09"
"296","95","view","2026-04-10 23:09:09"
"296","171","view","2026-04-11 13:41:09"
"296","157","click","2026-04-10 06:03:09"
"296","134","view","2026-04-10 12:23:09"
"296","102","view","2026-04-09 12:05:09"
"296","21","add_to_cart","2026-04-15 15:21:09"
"296","50","click","2026-04-12 00:59:09"
"297","24","view","2026-03-08 11:22:09"
"297","66","click","2026-03-10 16:39:09"
"297","193","add_to_cart","2026-03-11 14:44:09"
"297","97","view","2026-03-09 20:39:09"
"297","131","add_to_cart","2026-03-14 12:38:09"
"297","13","view","2026-03-12 07:53:09"
"297","88","view","2026-03-13 06:41:09"
"297","107","click","2026-03-17 22:03:09"
"298","136","view","2026-03-19 06:27:09"
"298","176","view","2026-03-19 18:13:09"
"298","174","view","2026-03-21 11:20:09"
"298","47","view","2026-03-21 12:31:09"
"298","92","click","2026-03-20 21:03:09"
"298","153","click","2026-03-23 13:47:09"
"298","188","view","2026-03-19 16:54:09"
"298","186","click","2026-03-27 01:39:09"
"299","52","add_to_cart","2026-03-21 20:40:09"
"299","187","view","2026-03-21 19:45:09"
"299","33","add_to_cart","2026-03-24 16:26:09"
"299","147","add_to_cart","2026-03-23 11:15:09"
"299","5","click","2026-03-27 13:03:09"
"299","170","view","2026-03-29 21:53:09"
"299","151","view","2026-03-23 00:24:09"
"299","87","view","2026-03-23 12:27:09"
"300","70","view","2026-03-09 12:53:09"
"300","22","view","2026-03-10 22:23:09"
"300","112","click","2026-03-10 20:41:09"
"300","25","view","2026-03-14 05:51:09"
"300","159","click","2026-03-13 07:38:09"
"300","149","click","2026-03-10 06:35:09"
"300","35","view","2026-03-11 14:31:09"
"300","50","view","2026-03-18 19:15:09"
"301","196","add_to_cart","2026-04-09 11:17:09"
"301","72","view","2026-04-10 10:25:09"
"301","143","click","2026-04-10 00:50:09"
"301","21","view","2026-04-11 03:15:09"
"301","195","add_to_cart","2026-04-09 18:43:09"
"301","118","click","2026-04-08 20:47:09"
"301","68","view","2026-04-17 03:12:09"
"301","114","click","2026-04-10 06:11:09"
"302","3","view","2026-03-10 03:23:09"
"302","58","add_to_cart","2026-03-11 14:59:09"
"302","34","view","2026-03-09 14:05:09"
"302","150","click","2026-03-10 11:43:09"
"302","133","click","2026-03-10 06:28:09"
"302","140","click","2026-03-13 01:59:09"
"302","16","view","2026-03-15 18:09:09"
"302","73","click","2026-03-10 16:27:09"
"303","58","click","2026-04-09 12:54:09"
"303","200","view","2026-04-08 18:53:09"
"303","101","click","2026-04-08 17:29:09"
"303","13","click","2026-04-14 14:27:09"
"303","87","view","2026-04-15 19:03:09"
"303","95","view","2026-04-16 09:35:09"
"303","84","click","2026-04-13 04:00:09"
"303","116","view","2026-04-08 12:11:09"
"304","122","click","2026-03-30 18:28:09"
"304","9","view","2026-03-31 08:31:09"
"304","64","click","2026-04-04 01:20:09"
"304","98","view","2026-03-31 04:31:09"
"304","138","add_to_cart","2026-03-30 03:38:09"
"304","138","view","2026-04-08 09:53:09"
"304","182","view","2026-04-06 17:57:09"
"304","114","click","2026-04-05 14:35:09"
"305","9","add_to_cart","2026-03-26 03:13:09"
"305","67","click","2026-03-26 02:57:09"
"305","144","view","2026-03-29 10:08:09"
"305","71","view","2026-03-28 01:39:09"
"305","31","view","2026-03-28 03:13:09"
"305","13","click","2026-03-28 01:47:09"
"305","20","add_to_cart","2026-03-28 10:56:09"
"305","147","click","2026-03-26 20:59:09"
"306","72","click","2026-03-14 16:27:09"
"306","96","view","2026-03-14 12:35:09"
"306","12","view","2026-03-15 16:20:09"
"306","105","view","2026-03-18 04:03:09"
"306","180","view","2026-03-14 03:58:09"
"306","122","view","2026-03-15 19:17:09"
"306","80","click","2026-03-20 03:15:09"
"306","49","add_to_cart","2026-03-25 10:19:09"
"307","189","view","2026-04-08 10:10:09"
"307","151","view","2026-04-08 03:15:09"
"307","156","view","2026-04-09 18:17:09"
"307","70","view","2026-04-13 23:39:09"
"307","61","view","2026-04-10 23:08:09"
"307","84","view","2026-04-16 12:29:09"
"307","7","view","2026-04-18 10:49:09"
"307","188","view","2026-04-11 15:39:09"
"308","191","view","2026-03-19 04:05:09"
"308","196","view","2026-03-22 05:25:09"
"308","145","view","2026-03-23 18:32:09"
"308","131","view","2026-03-20 05:23:09"
"308","73","view","2026-03-23 14:13:09"
"308","9","click","2026-03-21 11:29:09"
"308","129","view","2026-03-24 09:36:09"
"308","183","view","2026-03-23 00:43:09"
"309","139","add_to_cart","2026-03-07 21:25:09"
"309","20","view","2026-03-09 22:37:09"
"309","179","view","2026-03-11 00:50:09"
"309","159","view","2026-03-10 09:03:09"
"309","7","click","2026-03-10 11:43:09"
"309","182","add_to_cart","2026-03-15 04:47:09"
"309","23","add_to_cart","2026-03-16 12:11:09"
"309","6","view","2026-03-08 13:23:09"
"310","163","add_to_cart","2026-03-13 04:59:09"
"310","143","view","2026-03-14 02:57:09"
"310","148","click","2026-03-14 00:56:09"
"310","182","view","2026-03-16 10:47:09"
"310","43","click","2026-03-18 06:13:09"
"310","56","click","2026-03-12 16:23:09"
"310","149","view","2026-03-20 21:29:09"
"310","131","view","2026-03-17 19:31:09"
"311","191","view","2026-03-18 22:11:09"
"311","192","click","2026-03-18 21:23:09"
"311","143","view","2026-03-18 02:44:09"
"311","166","click","2026-03-20 02:23:09"
"311","79","click","2026-03-24 17:03:09"
"311","187","click","2026-03-19 09:23:09"
"311","122","view","2026-03-25 21:20:09"
"311","43","click","2026-03-29 19:15:09"
"312","159","view","2026-03-23 13:49:09"
"312","200","view","2026-03-24 08:25:09"
"312","61","click","2026-03-25 04:53:09"
"312","45","view","2026-03-27 11:51:09"
"312","2","view","2026-03-31 03:38:09"
"312","92","click","2026-03-26 11:41:09"
"312","1","view","2026-03-25 08:41:09"
"312","39","click","2026-03-31 15:23:09"
"313","27","click","2026-03-12 11:37:09"
"313","68","click","2026-03-11 03:05:09"
"313","65","click","2026-03-14 14:29:09"
"313","33","click","2026-03-16 16:23:09"
"313","147","view","2026-03-15 17:18:09"
"313","133","view","2026-03-13 18:53:09"
"313","81","view","2026-03-11 19:07:09"
"313","46","view","2026-03-20 00:59:09"
"314","3","add_to_cart","2026-03-08 01:03:09"
"314","187","add_to_cart","2026-03-09 00:15:09"
"314","5","view","2026-03-10 15:53:09"
"314","117","view","2026-03-13 08:19:09"
"314","170","view","2026-03-14 18:03:09"
"314","140","click","2026-03-10 03:23:09"
"314","193","view","2026-03-10 08:57:09"
"314","106","view","2026-03-13 09:15:09"
"315","138","click","2026-03-24 15:58:09"
"315","97","view","2026-03-25 12:39:09"
"315","162","view","2026-03-28 13:32:09"
"315","159","click","2026-03-26 07:59:09"
"315","86","click","2026-03-24 11:58:09"
"315","189","view","2026-03-29 06:23:09"
"315","8","click","2026-03-26 02:09:09"
"315","194","view","2026-03-29 08:43:09"
"316","45","view","2026-03-08 02:40:09"
"316","46","view","2026-03-08 23:49:09"
"316","95","view","2026-03-08 12:02:09"
"316","165","click","2026-03-09 05:27:09"
"316","169","view","2026-03-15 10:58:09"
"316","15","click","2026-03-08 12:59:09"
"316","70","view","2026-03-12 07:49:09"
"316","164","view","2026-03-18 12:35:09"
"317","3","view","2026-04-15 16:40:09"
"317","126","click","2026-04-15 05:51:09"
"317","165","view","2026-04-14 22:11:09"
"317","112","click","2026-04-15 05:27:09"
"317","54","view","2026-04-17 04:28:09"
"317","25","view","2026-04-15 22:05:09"
"317","124","view","2026-04-24 00:33:09"
"317","42","click","2026-04-26 13:55:09"
"318","96","view","2026-03-26 04:46:09"
"318","52","click","2026-03-29 05:13:09"
"318","162","view","2026-03-29 22:35:09"
"318","40","add_to_cart","2026-04-01 13:51:09"
"318","80","click","2026-03-27 14:28:09"
"318","134","add_to_cart","2026-03-29 21:29:09"
"318","12","click","2026-03-28 12:53:09"
"318","53","click","2026-03-30 00:11:09"
"319","105","click","2026-04-11 18:02:09"
"319","65","view","2026-04-12 10:31:09"
"319","151","view","2026-04-15 21:47:09"
"319","45","view","2026-04-16 14:47:09"
"319","189","view","2026-04-16 15:53:09"
"319","178","view","2026-04-19 22:29:09"
"319","32","view","2026-04-22 15:17:09"
"319","43","view","2026-04-23 12:19:09"
"320","73","view","2026-03-18 12:49:09"
"320","73","view","2026-03-20 04:03:09"
"320","6","add_to_cart","2026-03-17 17:41:09"
"320","89","click","2026-03-22 21:11:09"
"320","41","view","2026-03-21 04:53:09"
"320","94","click","2026-03-23 14:41:09"
"320","96","view","2026-03-21 23:48:09"
"320","21","view","2026-03-20 05:55:09"
"321","190","view","2026-04-05 17:11:09"
"321","105","view","2026-04-07 01:07:09"
"321","31","view","2026-04-05 04:59:09"
"321","197","view","2026-04-07 21:27:09"
"321","60","click","2026-04-07 10:18:09"
"321","158","view","2026-04-07 04:59:09"
"321","55","view","2026-04-08 06:16:09"
"321","155","view","2026-04-11 23:55:09"
"322","66","add_to_cart","2026-03-31 07:31:09"
"322","9","click","2026-04-02 02:53:09"
"322","59","view","2026-04-01 01:59:09"
"322","124","click","2026-04-05 15:59:09"
"322","9","view","2026-04-03 13:23:09"
"322","138","view","2026-04-02 17:59:09"
"322","83","view","2026-04-05 18:58:09"
"322","67","view","2026-04-09 07:47:09"
"323","175","view","2026-04-11 05:43:09"
"323","199","view","2026-04-14 07:47:09"
"323","72","view","2026-04-15 05:53:09"
"323","189","view","2026-04-13 03:03:09"
"323","75","view","2026-04-16 00:08:09"
"323","26","add_to_cart","2026-04-19 17:11:09"
"323","185","click","2026-04-14 00:54:09"
"323","149","view","2026-04-15 03:31:09"
"324","91","click","2026-04-08 04:01:09"
"324","158","view","2026-04-08 20:23:09"
"324","26","click","2026-04-10 19:44:09"
"324","128","view","2026-04-14 16:43:09"
"324","71","view","2026-04-10 01:38:09"
"324","94","click","2026-04-17 05:17:09"
"324","186","add_to_cart","2026-04-09 15:32:09"
"324","144","view","2026-04-16 05:39:09"
"325","165","view","2026-04-05 12:40:09"
"325","183","view","2026-04-06 12:17:09"
"325","12","view","2026-04-05 09:29:09"
"325","34","view","2026-04-09 22:15:09"
"325","32","click","2026-04-12 03:28:09"
"325","10","view","2026-04-12 23:11:09"
"325","25","view","2026-04-10 19:54:09"
"325","180","view","2026-04-07 20:43:09"
"326","5","view","2026-03-21 07:18:09"
"326","146","click","2026-03-21 15:13:09"
"326","34","view","2026-03-23 22:14:09"
"326","188","view","2026-03-27 12:07:09"
"326","12","click","2026-03-29 04:38:09"
"326","87","click","2026-03-25 11:17:09"
"326","72","view","2026-03-27 05:05:09"
"326","127","add_to_cart","2026-03-26 16:27:09"
"327","182","view","2026-03-31 06:08:09"
"327","182","click","2026-03-30 03:15:09"
"327","139","view","2026-03-31 11:47:09"
"327","147","view","2026-04-03 03:59:09"
"327","188","view","2026-03-31 09:43:09"
"327","180","add_to_cart","2026-04-03 10:29:09"
"327","40","view","2026-04-03 10:44:09"
"327","39","view","2026-04-01 17:23:09"
"328","2","view","2026-03-29 14:20:09"
"328","58","add_to_cart","2026-03-28 15:39:09"
"328","65","view","2026-03-29 07:47:09"
"328","118","click","2026-03-30 22:03:09"
"328","158","view","2026-03-30 00:58:09"
"328","150","click","2026-04-02 13:41:09"
"328","82","click","2026-03-29 13:54:09"
"328","75","view","2026-04-08 13:07:09"
"329","24","view","2026-03-24 10:17:09"
"329","95","click","2026-03-24 09:59:09"
"329","132","view","2026-03-26 12:26:09"
"329","157","add_to_cart","2026-03-25 19:59:09"
"329","64","view","2026-03-27 13:28:09"
"329","30","add_to_cart","2026-03-31 04:17:09"
"329","185","click","2026-04-04 17:16:09"
"329","141","view","2026-03-26 10:11:09"
"330","85","add_to_cart","2026-04-10 02:26:09"
"330","70","view","2026-04-10 04:11:09"
"330","130","view","2026-04-14 18:38:09"
"330","38","view","2026-04-10 06:43:09"
"330","200","view","2026-04-13 05:23:09"
"330","61","click","2026-04-18 00:11:09"
"330","124","view","2026-04-13 05:06:09"
"330","44","view","2026-04-15 01:15:09"
"331","163","click","2026-04-01 23:31:09"
"331","101","view","2026-04-03 15:53:09"
"331","65","view","2026-04-05 01:56:09"
"331","6","click","2026-04-02 00:43:09"
"331","69","click","2026-04-02 05:28:09"
"331","56","add_to_cart","2026-04-02 18:29:09"
"331","158","click","2026-04-10 17:26:09"
"331","99","view","2026-04-06 09:07:09"
"332","23","view","2026-03-17 02:29:09"
"332","40","view","2026-03-19 05:53:09"
"332","154","view","2026-03-18 22:05:09"
"332","132","click","2026-03-17 07:35:09"
"332","104","view","2026-03-21 02:03:09"
"332","11","view","2026-03-18 12:53:09"
"332","83","view","2026-03-23 05:35:09"
"332","36","view","2026-03-17 19:31:09"
"333","129","add_to_cart","2026-03-25 03:08:09"
"333","136","view","2026-03-25 18:07:09"
"333","183","click","2026-03-27 13:26:09"
"333","89","view","2026-03-24 09:31:09"
"333","86","view","2026-04-01 01:38:09"
"333","49","click","2026-03-25 07:23:09"
"333","64","view","2026-04-02 05:32:09"
"333","94","view","2026-03-30 00:03:09"
"334","72","view","2026-03-18 01:15:09"
"334","191","add_to_cart","2026-03-19 15:31:09"
"334","186","view","2026-03-17 03:17:09"
"334","128","click","2026-03-19 14:27:09"
"334","153","click","2026-03-22 22:43:09"
"334","181","view","2026-03-24 21:47:09"
"334","2","click","2026-03-21 18:26:09"
"334","126","view","2026-03-22 08:19:09"
"335","40","view","2026-03-17 09:28:09"
"335","8","click","2026-03-19 06:39:09"
"335","7","view","2026-03-17 12:26:09"
"335","20","view","2026-03-19 01:23:09"
"335","32","view","2026-03-21 22:58:09"
"335","91","view","2026-03-21 01:11:09"
"335","104","view","2026-03-22 17:11:09"
"335","59","view","2026-03-18 12:51:09"
"336","85","click","2026-04-09 12:32:09"
"336","34","click","2026-04-09 20:07:09"
"336","65","view","2026-04-11 02:47:09"
"336","77","view","2026-04-13 18:23:09"
"336","80","view","2026-04-14 06:28:09"
"336","101","view","2026-04-17 21:11:09"
"336","119","click","2026-04-16 13:03:09"
"336","105","view","2026-04-18 04:03:09"
"337","133","view","2026-03-28 05:33:09"
"337","141","view","2026-03-27 04:07:09"
"337","63","click","2026-03-31 16:53:09"
"337","139","view","2026-03-29 23:07:09"
"337","26","view","2026-04-01 22:53:09"
"337","140","click","2026-04-05 08:23:09"
"337","170","view","2026-03-27 17:15:09"
"337","141","view","2026-03-28 00:35:09"
"338","86","click","2026-03-26 14:31:09"
"338","29","view","2026-03-28 14:45:09"
"338","137","view","2026-03-28 06:02:09"
"338","3","view","2026-03-26 13:55:09"
"338","17","view","2026-03-27 11:08:09"
"338","87","click","2026-03-27 12:05:09"
"338","186","click","2026-04-04 22:06:09"
"338","53","view","2026-03-26 16:03:09"
"339","77","view","2026-03-31 10:30:09"
"339","47","add_to_cart","2026-04-02 15:17:09"
"339","179","click","2026-04-03 01:20:09"
"339","21","add_to_cart","2026-04-04 06:39:09"
"339","83","view","2026-04-06 19:03:09"
"339","74","view","2026-04-03 00:47:09"
"339","12","add_to_cart","2026-04-01 20:19:09"
"339","114","view","2026-04-03 14:19:09"
"340","138","add_to_cart","2026-04-07 18:51:09"
"340","75","view","2026-04-08 14:07:09"
"340","72","add_to_cart","2026-04-08 16:14:09"
"340","152","view","2026-04-12 07:15:09"
"340","25","view","2026-04-13 08:43:09"
"340","175","add_to_cart","2026-04-09 05:41:09"
"340","106","click","2026-04-10 20:37:09"
"340","138","view","2026-04-19 19:15:09"
"341","195","view","2026-03-20 04:23:09"
"341","166","view","2026-03-22 05:25:09"
"341","83","view","2026-03-24 12:41:09"
"341","58","view","2026-03-20 22:51:09"
"341","39","view","2026-03-27 11:33:09"
"341","159","view","2026-03-20 21:05:09"
"341","46","view","2026-03-29 10:05:09"
"341","148","view","2026-03-20 20:35:09"
"342","134","view","2026-03-12 06:24:09"
"342","164","view","2026-03-13 16:07:09"
"342","60","view","2026-03-15 03:59:09"
"342","69","view","2026-03-14 09:03:09"
"342","162","view","2026-03-16 10:33:09"
"342","162","click","2026-03-17 17:05:09"
"342","85","view","2026-03-12 12:14:09"
"342","31","click","2026-03-22 04:43:09"
"343","167","click","2026-04-09 08:44:09"
"343","83","view","2026-04-09 11:51:09"
"343","29","view","2026-04-12 19:20:09"
"343","53","view","2026-04-12 15:03:09"
"343","23","add_to_cart","2026-04-13 11:43:09"
"343","60","view","2026-04-18 10:35:09"
"343","58","click","2026-04-16 15:30:09"
"343","154","click","2026-04-22 05:47:09"
"344","118","view","2026-04-16 05:39:09"
"344","192","view","2026-04-17 22:45:09"
"344","109","click","2026-04-19 15:23:09"
"344","78","view","2026-04-20 09:27:09"
"344","117","view","2026-04-20 05:28:09"
"344","17","view","2026-04-23 21:05:09"
"344","131","view","2026-04-26 05:22:09"
"344","42","view","2026-04-25 19:07:09"
"345","148","view","2026-03-19 22:42:09"
"345","196","click","2026-03-20 19:23:09"
"345","20","view","2026-03-22 07:53:09"
"345","188","click","2026-03-25 14:11:09"
"345","119","view","2026-03-20 20:48:09"
"345","46","add_to_cart","2026-03-28 01:41:09"
"345","145","click","2026-03-21 11:08:09"
"345","189","add_to_cart","2026-03-26 09:23:09"
"346","155","view","2026-03-27 05:43:09"
"346","89","view","2026-03-28 20:25:09"
"346","3","click","2026-03-30 20:20:09"
"346","159","view","2026-03-31 08:59:09"
"346","112","view","2026-04-01 17:53:09"
"346","2","click","2026-03-29 09:17:09"
"346","120","view","2026-04-02 04:39:09"
"346","42","view","2026-04-04 04:51:09"
"347","53","click","2026-04-09 09:11:09"
"347","96","click","2026-04-09 07:27:09"
"347","151","view","2026-04-12 23:59:09"
"347","53","click","2026-04-12 20:55:09"
"347","159","view","2026-04-15 03:18:09"
"347","191","view","2026-04-08 17:35:09"
"347","87","view","2026-04-19 08:31:09"
"347","171","click","2026-04-18 18:27:09"
"348","18","view","2026-03-16 03:27:09"
"348","164","view","2026-03-19 04:31:09"
"348","146","view","2026-03-19 04:08:09"
"348","58","view","2026-03-18 03:27:09"
"348","163","view","2026-03-17 21:53:09"
"348","77","view","2026-03-17 00:23:09"
"348","61","click","2026-03-21 09:01:09"
"348","192","click","2026-03-22 12:27:09"
"349","168","view","2026-03-30 22:29:09"
"349","25","view","2026-03-30 20:17:09"
"349","66","view","2026-03-31 18:20:09"
"349","22","click","2026-04-01 01:23:09"
"349","132","click","2026-04-05 19:38:09"
"349","8","view","2026-04-06 07:23:09"
"349","80","view","2026-04-02 08:50:09"
"349","44","add_to_cart","2026-04-04 11:31:09"
"350","130","add_to_cart","2026-04-08 07:53:09"
"350","59","click","2026-04-10 09:15:09"
"350","72","view","2026-04-07 19:05:09"
"350","180","view","2026-04-12 18:59:09"
"350","129","view","2026-04-14 17:03:09"
"350","20","view","2026-04-14 03:35:09"
"350","80","view","2026-04-08 17:10:09"
"350","183","view","2026-04-09 04:43:09"
"351","59","add_to_cart","2026-03-24 06:22:09"
"351","154","view","2026-03-25 22:49:09"
"351","53","click","2026-03-28 14:05:09"
"351","30","view","2026-03-28 06:07:09"
"351","100","view","2026-03-26 16:18:09"
"351","88","view","2026-03-24 04:29:09"
"351","86","view","2026-03-30 05:33:09"
"351","17","view","2026-04-03 19:39:09"
"352","170","view","2026-03-09 23:04:09"
"352","125","view","2026-03-11 16:23:09"
"352","139","view","2026-03-10 22:20:09"
"352","170","click","2026-03-14 05:27:09"
"352","157","view","2026-03-10 12:43:09"
"352","193","add_to_cart","2026-03-16 23:53:09"
"352","140","click","2026-03-19 00:54:09"
"352","76","click","2026-03-16 20:35:09"
"353","53","view","2026-04-01 09:41:09"
"353","163","click","2026-04-02 07:03:09"
"353","146","view","2026-04-01 12:05:09"
"353","155","view","2026-04-05 12:19:09"
"353","50","view","2026-04-04 17:43:09"
"353","98","add_to_cart","2026-04-07 04:17:09"
"353","5","view","2026-04-06 23:22:09"
"353","130","view","2026-04-01 16:11:09"
"354","89","view","2026-03-21 15:15:09"
"354","20","view","2026-03-22 11:37:09"
"354","193","view","2026-03-24 20:44:09"
"354","5","view","2026-03-23 04:11:09"
"354","45","add_to_cart","2026-03-20 07:43:09"
"354","4","click","2026-03-21 05:11:09"
"354","114","add_to_cart","2026-03-24 05:08:09"
"354","132","view","2026-03-27 01:47:09"
"355","143","add_to_cart","2026-03-08 02:54:09"
"355","83","view","2026-03-09 18:31:09"
"355","57","add_to_cart","2026-03-08 18:53:09"
"355","27","view","2026-03-10 11:23:09"
"355","135","click","2026-03-10 02:48:09"
"355","48","view","2026-03-07 15:59:09"
"355","61","view","2026-03-13 09:38:09"
"355","126","view","2026-03-17 16:35:09"
"356","29","view","2026-04-15 09:22:09"
"356","61","view","2026-04-15 11:37:09"
"356","23","click","2026-04-16 04:44:09"
"356","51","view","2026-04-21 04:27:09"
"356","76","add_to_cart","2026-04-23 08:53:09"
"356","35","click","2026-04-17 11:23:09"
"356","143","view","2026-04-21 06:29:09"
"356","23","view","2026-04-23 13:39:09"
"357","152","view","2026-03-26 06:34:09"
"357","95","view","2026-03-28 00:23:09"
"357","155","view","2026-03-29 07:47:09"
"357","164","view","2026-03-31 14:43:09"
"357","127","click","2026-03-27 13:33:09"
"357","172","view","2026-03-27 13:11:09"
"357","172","view","2026-03-28 20:23:09"
"357","35","click","2026-04-06 00:03:09"
"358","27","view","2026-03-17 09:18:09"
"358","102","view","2026-03-16 07:35:09"
"358","127","view","2026-03-17 06:17:09"
"358","109","view","2026-03-20 11:27:09"
"358","151","view","2026-03-21 20:08:09"
"358","62","click","2026-03-21 10:17:09"
"358","182","click","2026-03-19 04:59:09"
"358","69","click","2026-03-27 20:35:09"
"359","190","view","2026-03-16 15:26:09"
"359","22","view","2026-03-19 05:55:09"
"359","143","click","2026-03-17 17:26:09"
"359","38","view","2026-03-22 02:39:09"
"359","23","view","2026-03-23 03:48:09"
"359","104","click","2026-03-21 10:23:09"
"359","187","click","2026-03-25 19:46:09"
"359","61","view","2026-03-16 19:31:09"
"360","163","click","2026-04-02 16:23:09"
"360","28","view","2026-04-05 00:47:09"
"360","22","click","2026-04-04 18:26:09"
"360","74","view","2026-04-05 08:19:09"
"360","12","click","2026-04-04 03:13:09"
"360","197","add_to_cart","2026-04-04 21:11:09"
"360","66","view","2026-04-10 00:57:09"
"360","60","view","2026-04-03 00:51:09"
"361","103","click","2026-03-14 10:07:09"
"361","128","add_to_cart","2026-03-14 07:47:09"
"361","44","add_to_cart","2026-03-16 04:50:09"
"361","100","view","2026-03-14 14:59:09"
"361","195","add_to_cart","2026-03-20 05:08:09"
"361","39","view","2026-03-20 11:23:09"
"361","187","view","2026-03-15 18:36:09"
"361","121","view","2026-03-14 06:35:09"
"362","76","click","2026-03-07 16:59:09"
"362","23","view","2026-03-09 08:07:09"
"362","50","view","2026-03-09 08:17:09"
"362","135","view","2026-03-07 04:15:09"
"362","163","view","2026-03-07 01:48:09"
"362","30","click","2026-03-13 06:29:09"
"362","87","click","2026-03-11 22:45:09"
"362","16","click","2026-03-15 15:47:09"
"363","104","click","2026-03-10 16:21:09"
"363","87","view","2026-03-10 15:25:09"
"363","116","view","2026-03-11 04:08:09"
"363","28","view","2026-03-11 19:11:09"
"363","188","click","2026-03-14 09:18:09"
"363","81","view","2026-03-17 00:23:09"
"363","131","view","2026-03-12 07:47:09"
"363","55","click","2026-03-11 16:43:09"
"364","141","click","2026-03-22 04:58:09"
"364","119","view","2026-03-22 08:43:09"
"364","132","view","2026-03-26 11:50:09"
"364","155","view","2026-03-25 22:51:09"
"364","124","view","2026-03-28 06:58:09"
"364","99","click","2026-03-31 04:05:09"
"364","78","click","2026-03-28 08:14:09"
"364","103","view","2026-03-28 21:15:09"
"365","36","view","2026-03-29 12:12:09"
"365","83","view","2026-03-28 03:13:09"
"365","200","click","2026-03-28 16:26:09"
"365","49","view","2026-04-01 19:11:09"
"365","150","add_to_cart","2026-04-01 18:48:09"
"365","26","click","2026-03-28 11:47:09"
"365","27","add_to_cart","2026-04-02 04:49:09"
"365","192","click","2026-03-31 14:27:09"
"366","5","click","2026-03-31 02:14:09"
"366","133","view","2026-04-01 09:39:09"
"366","29","click","2026-04-04 16:23:09"
"366","54","view","2026-04-02 13:31:09"
"366","156","click","2026-04-02 22:18:09"
"366","57","click","2026-04-08 06:41:09"
"366","177","view","2026-04-03 01:50:09"
"366","43","view","2026-04-05 20:59:09"
"367","198","click","2026-03-26 20:24:09"
"367","59","view","2026-03-26 11:19:09"
"367","12","click","2026-03-27 06:53:09"
"367","135","click","2026-03-28 05:47:09"
"367","70","view","2026-03-28 20:53:09"
"367","181","view","2026-03-30 00:35:09"
"367","160","add_to_cart","2026-03-30 03:23:09"
"367","128","view","2026-03-30 02:27:09"
"368","10","view","2026-03-15 00:44:09"
"368","75","view","2026-03-17 05:41:09"
"368","101","view","2026-03-17 02:41:09"
"368","191","click","2026-03-15 12:51:09"
"368","41","view","2026-03-19 16:43:09"
"368","88","view","2026-03-19 00:35:09"
"368","146","view","2026-03-25 06:25:09"
"368","80","view","2026-03-27 04:35:09"
"369","184","view","2026-03-29 09:26:09"
"369","9","view","2026-03-28 05:07:09"
"369","187","add_to_cart","2026-03-31 15:14:09"
"369","52","view","2026-03-29 18:51:09"
"369","16","view","2026-04-02 18:23:09"
"369","41","click","2026-03-31 09:05:09"
"369","33","view","2026-04-01 11:12:09"
"369","125","click","2026-03-28 08:35:09"
"370","67","view","2026-04-07 02:13:09"
"370","131","click","2026-04-07 05:05:09"
"370","123","view","2026-04-11 12:08:09"
"370","101","view","2026-04-12 08:07:09"
"370","139","view","2026-04-13 12:38:09"
"370","121","click","2026-04-07 03:17:09"
"370","8","view","2026-04-14 00:41:09"
"370","79","view","2026-04-17 04:11:09"
"371","31","click","2026-04-01 08:43:09"
"371","127","view","2026-04-02 03:57:09"
"371","182","click","2026-04-04 16:23:09"
"371","184","click","2026-04-06 04:15:09"
"371","45","add_to_cart","2026-04-05 06:53:09"
"371","180","click","2026-04-07 22:11:09"
"371","72","click","2026-04-01 02:05:09"
"371","34","view","2026-04-10 11:55:09"
"372","86","click","2026-04-10 15:01:09"
"372","160","view","2026-04-12 02:59:09"
"372","153","add_to_cart","2026-04-13 06:32:09"
"372","174","view","2026-04-15 02:03:09"
"372","49","view","2026-04-18 01:18:09"
"372","86","view","2026-04-19 04:53:09"
"372","84","click","2026-04-19 11:50:09"
"372","26","view","2026-04-19 13:31:09"
"373","172","view","2026-04-12 21:58:09"
"373","81","click","2026-04-12 05:43:09"
"373","121","click","2026-04-13 20:38:09"
"373","149","click","2026-04-13 07:31:09"
"373","89","view","2026-04-13 22:48:09"
"373","146","view","2026-04-18 09:35:09"
"373","3","view","2026-04-20 21:01:09"
"373","39","view","2026-04-25 06:03:09"
"374","168","view","2026-03-14 13:30:09"
"374","7","view","2026-03-14 23:53:09"
"374","113","view","2026-03-14 10:44:09"
"374","124","view","2026-03-14 21:03:09"
"374","64","click","2026-03-15 06:28:09"
"374","86","click","2026-03-18 06:17:09"
"374","164","view","2026-03-21 01:25:09"
"374","188","view","2026-03-20 14:43:09"
"375","90","add_to_cart","2026-04-10 12:57:09"
"375","37","view","2026-04-11 10:19:09"
"375","132","view","2026-04-11 11:41:09"
"375","114","view","2026-04-10 20:19:09"
"375","33","view","2026-04-11 19:08:09"
"375","116","click","2026-04-09 06:41:09"
"375","55","click","2026-04-11 04:08:09"
"375","133","view","2026-04-10 01:55:09"
"376","94","view","2026-03-17 10:32:09"
"376","81","view","2026-03-18 22:55:09"
"376","148","view","2026-03-17 11:20:09"
"376","80","view","2026-03-16 20:43:09"
"376","172","view","2026-03-22 09:28:09"
"376","90","add_to_cart","2026-03-16 21:59:09"
"376","36","view","2026-03-25 11:57:09"
"376","162","click","2026-03-25 04:03:09"
"377","113","click","2026-04-08 02:13:09"
"377","17","click","2026-04-09 08:57:09"
"377","122","view","2026-04-08 18:32:09"
"377","175","view","2026-04-13 07:39:09"
"377","192","view","2026-04-08 06:18:09"
"377","45","view","2026-04-07 18:05:09"
"377","189","click","2026-04-17 09:32:09"
"377","13","click","2026-04-07 16:51:09"
"378","168","add_to_cart","2026-03-16 22:38:09"
"378","61","click","2026-03-18 21:45:09"
"378","114","view","2026-03-16 08:17:09"
"378","135","add_to_cart","2026-03-21 16:11:09"
"378","149","view","2026-03-20 07:33:09"
"378","38","view","2026-03-19 09:29:09"
"378","115","view","2026-03-24 08:18:09"
"378","114","view","2026-03-26 10:27:09"
"379","185","add_to_cart","2026-03-23 09:52:09"
"379","137","click","2026-03-24 21:17:09"
"379","187","view","2026-03-25 12:32:09"
"379","76","view","2026-03-28 16:35:09"
"379","184","view","2026-03-28 14:38:09"
"379","79","view","2026-04-01 03:17:09"
"379","183","click","2026-03-29 02:24:09"
"379","132","view","2026-03-29 07:15:09"
"380","51","view","2026-03-30 09:40:09"
"380","56","view","2026-03-30 19:41:09"
"380","103","click","2026-03-30 10:02:09"
"380","80","click","2026-04-01 11:43:09"
"380","143","view","2026-03-30 14:58:09"
"380","19","view","2026-03-30 09:05:09"
"380","114","view","2026-03-31 17:38:09"
"380","107","view","2026-04-06 18:35:09"
"381","26","click","2026-04-11 14:30:09"
"381","159","view","2026-04-11 05:41:09"
"381","7","view","2026-04-15 21:53:09"
"381","140","click","2026-04-17 16:03:09"
"381","171","click","2026-04-19 07:33:09"
"381","43","view","2026-04-15 13:59:09"
"381","149","click","2026-04-19 03:31:09"
"381","70","add_to_cart","2026-04-19 05:39:09"
"382","183","view","2026-04-16 11:47:09"
"382","88","add_to_cart","2026-04-16 15:37:09"
"382","101","add_to_cart","2026-04-17 17:35:09"
"382","76","add_to_cart","2026-04-19 06:11:09"
"382","96","click","2026-04-19 03:38:09"
"382","156","view","2026-04-19 06:35:09"
"382","2","click","2026-04-25 17:35:09"
"382","107","view","2026-04-27 00:27:09"
"383","84","view","2026-03-09 01:53:09"
"383","75","click","2026-03-11 14:11:09"
"383","58","view","2026-03-10 09:26:09"
"383","77","click","2026-03-11 02:31:09"
"383","200","view","2026-03-12 08:58:09"
"383","90","view","2026-03-09 09:17:09"
"383","195","view","2026-03-16 19:35:09"
"383","168","click","2026-03-20 08:19:09"
"384","17","view","2026-04-08 04:26:09"
"384","9","view","2026-04-09 06:03:09"
"384","55","click","2026-04-12 05:44:09"
"384","116","view","2026-04-09 11:31:09"
"384","13","click","2026-04-15 20:18:09"
"384","167","click","2026-04-08 16:59:09"
"384","51","click","2026-04-11 02:25:09"
"384","198","view","2026-04-10 14:59:09"
"385","27","click","2026-03-09 10:00:09"
"385","96","view","2026-03-11 01:51:09"
"385","183","view","2026-03-12 04:47:09"
"385","161","view","2026-03-11 01:27:09"
"385","60","view","2026-03-12 19:18:09"
"385","13","add_to_cart","2026-03-12 05:23:09"
"385","156","view","2026-03-19 07:49:09"
"385","170","add_to_cart","2026-03-16 01:47:09"
"386","114","view","2026-03-12 13:34:09"
"386","26","view","2026-03-13 10:33:09"
"386","189","add_to_cart","2026-03-16 23:53:09"
"386","68","click","2026-03-18 15:31:09"
"386","11","click","2026-03-17 12:33:09"
"386","129","view","2026-03-14 02:41:09"
"386","50","view","2026-03-13 05:02:09"
"386","158","view","2026-03-19 12:03:09"
"387","96","add_to_cart","2026-03-23 15:32:09"
"387","96","view","2026-03-24 07:37:09"
"387","165","view","2026-03-26 23:29:09"
"387","157","view","2026-03-28 21:23:09"
"387","60","view","2026-03-29 11:13:09"
"387","18","view","2026-03-30 10:47:09"
"387","180","view","2026-03-25 10:26:09"
"387","122","view","2026-04-01 04:03:09"
"388","102","view","2026-04-01 21:51:09"
"388","198","click","2026-04-04 04:31:09"
"388","175","view","2026-04-03 13:29:09"
"388","142","view","2026-04-04 04:03:09"
"388","194","view","2026-04-02 10:53:09"
"388","12","view","2026-04-09 00:29:09"
"388","144","add_to_cart","2026-04-03 21:10:09"
"388","43","view","2026-04-08 10:51:09"
"389","102","view","2026-03-30 22:12:09"
"389","21","view","2026-03-30 09:13:09"
"389","141","click","2026-04-03 06:44:09"
"389","54","click","2026-04-02 04:39:09"
"389","51","click","2026-04-06 04:38:09"
"389","154","view","2026-04-05 12:59:09"
"389","174","click","2026-04-09 11:52:09"
"389","62","view","2026-04-03 15:55:09"
"390","187","view","2026-04-03 03:15:09"
"390","177","view","2026-04-03 15:21:09"
"390","175","view","2026-04-02 05:14:09"
"390","38","view","2026-04-04 18:15:09"
"390","176","view","2026-04-09 18:48:09"
"390","97","add_to_cart","2026-04-03 00:47:09"
"390","24","view","2026-04-08 10:34:09"
"390","110","view","2026-04-14 16:19:09"
"391","124","view","2026-04-10 18:16:09"
"391","167","click","2026-04-11 19:59:09"
"391","75","click","2026-04-13 15:02:09"
"391","195","click","2026-04-15 20:15:09"
"391","186","view","2026-04-16 23:33:09"
"391","52","view","2026-04-18 14:05:09"
"391","156","view","2026-04-12 09:16:09"
"391","172","view","2026-04-21 06:43:09"
"392","11","view","2026-03-20 19:24:09"
"392","182","click","2026-03-21 08:35:09"
"392","157","view","2026-03-22 20:38:09"
"392","100","view","2026-03-21 19:43:09"
"392","3","view","2026-03-25 22:48:09"
"392","36","view","2026-03-24 14:05:09"
"392","171","click","2026-03-24 13:04:09"
"392","96","view","2026-03-30 13:47:09"
"393","156","view","2026-04-05 14:19:09"
"393","95","click","2026-04-05 18:51:09"
"393","81","view","2026-04-05 04:26:09"
"393","112","view","2026-04-07 05:35:09"
"393","23","view","2026-04-11 04:38:09"
"393","90","view","2026-04-14 22:29:09"
"393","57","click","2026-04-16 14:00:09"
"393","134","click","2026-04-16 04:43:09"
"394","26","view","2026-03-22 10:48:09"
"394","144","view","2026-03-22 08:31:09"
"394","146","add_to_cart","2026-03-24 11:47:09"
"394","125","view","2026-03-22 20:51:09"
"394","127","view","2026-03-28 17:03:09"
"394","19","view","2026-03-28 17:05:09"
"394","41","view","2026-03-26 02:55:09"
"394","14","view","2026-03-29 06:43:09"
"395","163","view","2026-03-27 20:23:09"
"395","5","add_to_cart","2026-03-29 01:51:09"
"395","148","click","2026-03-29 09:29:09"
"395","52","view","2026-04-01 07:43:09"
"395","87","click","2026-03-29 10:58:09"
"395","97","view","2026-03-31 01:35:09"
"395","86","view","2026-03-29 01:41:09"
"395","167","view","2026-04-07 08:11:09"
"396","109","click","2026-04-14 10:23:09"
"396","191","view","2026-04-15 18:53:09"
"396","171","view","2026-04-13 17:14:09"
"396","200","add_to_cart","2026-04-13 11:03:09"
"396","54","view","2026-04-17 12:03:09"
"396","164","view","2026-04-22 16:29:09"
"396","90","add_to_cart","2026-04-14 15:18:09"
"396","51","view","2026-04-14 20:51:09"
"397","25","click","2026-03-18 17:19:09"
"397","104","click","2026-03-19 06:35:09"
"397","62","click","2026-03-19 03:05:09"
"397","105","click","2026-03-21 11:55:09"
"397","148","click","2026-03-23 20:38:09"
"397","90","view","2026-03-21 15:35:09"
"397","163","click","2026-03-28 15:31:09"
"397","27","view","2026-03-27 17:15:09"
"398","18","add_to_cart","2026-04-13 19:49:09"
"398","51","click","2026-04-13 20:09:09"
"398","111","click","2026-04-16 07:32:09"
"398","46","view","2026-04-19 07:59:09"
"398","173","add_to_cart","2026-04-16 15:18:09"
"398","109","view","2026-04-15 11:29:09"
"398","34","view","2026-04-15 16:37:09"
"398","53","click","2026-04-14 12:43:09"
"399","8","view","2026-03-15 07:45:09"
"399","121","view","2026-03-15 10:41:09"
"399","92","view","2026-03-14 11:53:09"
"399","86","click","2026-03-14 08:15:09"
"399","39","view","2026-03-19 00:58:09"
"399","23","click","2026-03-16 22:47:09"
"399","200","view","2026-03-25 05:29:09"
"399","8","click","2026-03-20 20:43:09"
"400","83","click","2026-04-10 16:06:09"
"400","109","view","2026-04-11 01:27:09"
"400","89","view","2026-04-10 05:02:09"
"400","46","view","2026-04-14 15:59:09"
"400","64","add_to_cart","2026-04-11 01:18:09"
"400","165","click","2026-04-14 18:29:09"
"400","120","view","2026-04-15 03:13:09"
"400","114","click","2026-04-14 07:07:09"
"401","70","view","2026-04-15 16:03:09"
"401","86","add_to_cart","2026-04-16 13:13:09"
"401","71","view","2026-04-18 16:17:09"
"401","42","add_to_cart","2026-04-14 03:55:09"
"401","141","view","2026-04-14 15:03:09"
"401","32","view","2026-04-23 23:23:09"
"401","180","view","2026-04-22 18:48:09"
"401","87","click","2026-04-18 13:47:09"
"402","174","click","2026-04-09 14:24:09"
"402","160","view","2026-04-10 15:49:09"
"402","102","click","2026-04-11 00:41:09"
"402","86","view","2026-04-10 20:11:09"
"402","166","click","2026-04-08 11:48:09"
"402","30","view","2026-04-09 07:35:09"
"402","2","view","2026-04-10 05:46:09"
"402","158","view","2026-04-16 02:51:09"
"403","41","view","2026-04-07 17:29:09"
"403","7","view","2026-04-09 02:49:09"
"403","4","click","2026-04-08 16:32:09"
"403","183","view","2026-04-07 06:15:09"
"403","75","view","2026-04-08 12:33:09"
"403","92","view","2026-04-07 20:47:09"
"403","29","view","2026-04-09 15:20:09"
"403","19","view","2026-04-13 16:11:09"
"404","96","click","2026-04-12 16:35:09"
"404","175","view","2026-04-13 21:51:09"
"404","152","view","2026-04-13 19:02:09"
"404","12","view","2026-04-17 03:27:09"
"404","176","click","2026-04-14 02:53:09"
"404","144","click","2026-04-11 12:29:09"
"404","141","click","2026-04-11 18:53:09"
"404","7","add_to_cart","2026-04-15 08:43:09"
"405","51","click","2026-03-23 10:07:09"
"405","162","add_to_cart","2026-03-24 13:41:09"
"405","137","click","2026-03-23 19:29:09"
"405","149","click","2026-03-28 09:31:09"
"405","176","view","2026-03-25 22:53:09"
"405","34","view","2026-03-23 18:47:09"
"405","135","add_to_cart","2026-03-30 05:28:09"
"405","19","add_to_cart","2026-03-23 19:47:09"
"406","31","view","2026-03-31 15:24:09"
"406","165","view","2026-03-31 15:33:09"
"406","40","view","2026-03-31 09:26:09"
"406","190","view","2026-04-05 13:19:09"
"406","196","view","2026-04-02 18:18:09"
"406","9","view","2026-04-07 03:29:09"
"406","73","view","2026-04-03 12:27:09"
"406","74","view","2026-04-13 07:47:09"
"407","42","view","2026-03-28 06:28:09"
"407","195","add_to_cart","2026-03-28 12:57:09"
"407","99","click","2026-03-29 18:11:09"
"407","156","click","2026-03-29 12:19:09"
"407","20","view","2026-03-28 19:08:09"
"407","12","view","2026-03-27 19:29:09"
"407","138","click","2026-03-31 01:52:09"
"407","31","view","2026-03-27 07:55:09"
"408","142","view","2026-03-23 08:18:09"
"408","137","view","2026-03-24 05:03:09"
"408","169","add_to_cart","2026-03-26 05:53:09"
"408","102","view","2026-03-23 09:31:09"
"408","194","add_to_cart","2026-03-28 23:53:09"
"408","85","add_to_cart","2026-03-31 15:11:09"
"408","68","click","2026-03-25 22:01:09"
"408","146","view","2026-03-24 00:27:09"
"409","92","click","2026-04-08 16:26:09"
"409","142","view","2026-04-08 11:55:09"
"409","158","view","2026-04-08 07:02:09"
"409","11","view","2026-04-11 05:19:09"
"409","3","view","2026-04-13 19:43:09"
"409","128","view","2026-04-12 00:35:09"
"409","96","add_to_cart","2026-04-09 19:23:09"
"409","176","add_to_cart","2026-04-15 22:03:09"
"410","67","view","2026-03-23 11:46:09"
"410","54","view","2026-03-23 18:05:09"
"410","158","view","2026-03-25 23:32:09"
"410","160","view","2026-03-26 11:35:09"
"410","192","add_to_cart","2026-03-24 04:43:09"
"410","36","click","2026-03-30 07:35:09"
"410","196","view","2026-03-31 00:36:09"
"410","66","view","2026-04-05 03:39:09"
"411","56","click","2026-03-22 02:09:09"
"411","81","view","2026-03-23 05:35:09"
"411","24","view","2026-03-23 09:47:09"
"411","176","view","2026-03-24 01:15:09"
"411","53","view","2026-03-26 22:23:09"
"411","39","click","2026-03-25 21:53:09"
"411","65","view","2026-03-23 05:51:09"
"411","72","view","2026-04-01 03:31:09"
"412","78","view","2026-04-03 04:06:09"
"412","133","add_to_cart","2026-04-02 06:45:09"
"412","138","click","2026-04-05 11:26:09"
"412","150","click","2026-04-06 00:39:09"
"412","77","click","2026-04-10 00:28:09"
"412","194","view","2026-04-06 10:17:09"
"412","153","view","2026-04-02 17:01:09"
"412","189","view","2026-04-02 20:03:09"
"413","102","view","2026-03-22 04:08:09"
"413","98","view","2026-03-22 17:19:09"
"413","59","view","2026-03-26 13:59:09"
"413","31","view","2026-03-25 04:07:09"
"413","146","view","2026-03-30 07:58:09"
"413","160","view","2026-03-29 14:59:09"
"413","26","view","2026-03-30 05:09:09"
"413","108","click","2026-03-23 23:15:09"
"414","15","view","2026-04-03 13:45:09"
"414","116","view","2026-04-03 21:47:09"
"414","126","view","2026-04-06 02:26:09"
"414","129","view","2026-04-08 06:47:09"
"414","122","view","2026-04-08 14:13:09"
"414","178","view","2026-04-03 09:47:09"
"414","111","view","2026-04-13 05:08:09"
"414","35","view","2026-04-12 03:31:09"
"415","38","view","2026-03-12 21:05:09"
"415","28","add_to_cart","2026-03-12 03:47:09"
"415","97","click","2026-03-14 17:50:09"
"415","52","add_to_cart","2026-03-17 04:51:09"
"415","160","view","2026-03-12 08:48:09"
"415","161","view","2026-03-20 00:11:09"
"415","34","view","2026-03-15 01:57:09"
"415","172","click","2026-03-22 07:31:09"
"416","39","view","2026-03-25 04:26:09"
"416","42","view","2026-03-26 16:01:09"
"416","123","view","2026-03-25 18:23:09"
"416","51","view","2026-03-25 23:19:09"
"416","162","view","2026-03-27 18:23:09"
"416","77","click","2026-03-28 18:53:09"
"416","34","click","2026-04-01 23:35:09"
"416","108","view","2026-03-31 07:47:09"
"417","33","click","2026-03-22 11:16:09"
"417","47","click","2026-03-23 09:37:09"
"417","61","click","2026-03-22 04:32:09"
"417","48","view","2026-03-28 16:03:09"
"417","73","click","2026-03-30 08:03:09"
"417","156","view","2026-03-28 02:41:09"
"417","96","view","2026-03-30 05:37:09"
"417","159","click","2026-03-31 04:03:09"
"418","97","view","2026-03-22 04:48:09"
"418","173","click","2026-03-22 03:51:09"
"418","75","add_to_cart","2026-03-23 18:26:09"
"418","60","click","2026-03-23 17:03:09"
"418","23","click","2026-03-29 02:38:09"
"418","88","view","2026-03-23 09:05:09"
"418","184","view","2026-03-21 21:27:09"
"418","97","view","2026-03-28 13:55:09"
"419","186","view","2026-04-13 00:10:09"
"419","12","view","2026-04-13 11:09:09"
"419","38","click","2026-04-14 16:35:09"
"419","141","view","2026-04-13 08:15:09"
"419","40","view","2026-04-17 00:13:09"
"419","163","click","2026-04-19 11:41:09"
"419","199","click","2026-04-15 22:15:09"
"419","174","click","2026-04-16 16:35:09"
"420","82","view","2026-03-23 10:19:09"
"420","89","view","2026-03-25 01:43:09"
"420","196","click","2026-03-25 02:56:09"
"420","51","view","2026-03-27 19:43:09"
"420","85","click","2026-03-24 10:53:09"
"420","7","view","2026-03-23 07:41:09"
"420","81","view","2026-03-27 08:38:09"
"420","142","view","2026-03-26 08:59:09"
"421","98","view","2026-03-20 18:00:09"
"421","143","view","2026-03-23 00:17:09"
"421","8","view","2026-03-23 03:05:09"
"421","118","click","2026-03-20 09:03:09"
"421","164","add_to_cart","2026-03-25 22:48:09"
"421","135","click","2026-03-21 00:53:09"
"421","154","click","2026-03-30 07:47:09"
"421","56","view","2026-03-28 05:23:09"
"422","188","click","2026-03-23 02:14:09"
"422","10","view","2026-03-23 18:39:09"
"422","17","click","2026-03-25 03:44:09"
"422","90","click","2026-03-27 18:59:09"
"422","54","click","2026-03-29 12:13:09"
"422","126","click","2026-03-22 18:59:09"
"422","29","view","2026-03-28 15:49:09"
"422","20","view","2026-03-31 05:31:09"
"423","41","view","2026-04-10 03:25:09"
"423","121","add_to_cart","2026-04-10 09:31:09"
"423","92","view","2026-04-14 06:20:09"
"423","27","view","2026-04-13 14:15:09"
"423","172","view","2026-04-17 18:58:09"
"423","91","view","2026-04-11 08:05:09"
"423","62","view","2026-04-11 04:27:09"
"423","57","view","2026-04-14 19:15:09"
"424","76","view","2026-04-09 11:23:09"
"424","162","view","2026-04-09 18:03:09"
"424","95","view","2026-04-11 05:41:09"
"424","27","view","2026-04-13 04:59:09"
"424","177","view","2026-04-12 19:28:09"
"424","57","click","2026-04-08 14:41:09"
"424","152","view","2026-04-19 06:11:09"
"424","154","view","2026-04-16 22:51:09"
"425","164","view","2026-03-14 12:30:09"
"425","147","view","2026-03-16 02:17:09"
"425","143","view","2026-03-16 17:50:09"
"425","134","view","2026-03-16 19:59:09"
"425","199","view","2026-03-18 13:28:09"
"425","126","click","2026-03-19 12:29:09"
"425","4","view","2026-03-18 22:59:09"
"425","47","click","2026-03-25 06:11:09"
"426","153","view","2026-03-09 12:29:09"
"426","174","view","2026-03-09 08:17:09"
"426","75","view","2026-03-10 03:11:09"
"426","38","add_to_cart","2026-03-11 15:23:09"
"426","57","view","2026-03-10 12:23:09"
"426","64","click","2026-03-10 02:23:09"
"426","194","view","2026-03-12 15:45:09"
"426","21","view","2026-03-19 17:23:09"
"427","127","click","2026-04-10 09:34:09"
"427","132","view","2026-04-12 15:11:09"
"427","159","add_to_cart","2026-04-11 02:05:09"
"427","139","view","2026-04-11 01:03:09"
"427","1","click","2026-04-10 02:28:09"
"427","43","view","2026-04-15 14:29:09"
"427","178","view","2026-04-14 08:24:09"
"427","149","add_to_cart","2026-04-18 06:03:09"
"428","82","click","2026-03-20 14:23:09"
"428","22","view","2026-03-21 17:13:09"
"428","53","view","2026-03-21 03:50:09"
"428","69","view","2026-03-23 21:51:09"
"428","27","view","2026-03-22 05:28:09"
"428","8","view","2026-03-26 10:29:09"
"428","39","view","2026-03-27 23:33:09"
"428","162","view","2026-03-21 14:03:09"
"429","52","view","2026-03-30 16:43:09"
"429","60","click","2026-03-30 23:19:09"
"429","191","view","2026-04-03 23:29:09"
"429","128","click","2026-04-05 09:23:09"
"429","118","click","2026-04-06 20:48:09"
"429","6","click","2026-04-02 09:47:09"
"429","38","view","2026-04-06 14:41:09"
"429","128","click","2026-04-01 03:39:09"
"430","1","view","2026-04-15 04:54:09"
"430","123","add_to_cart","2026-04-15 05:47:09"
"430","125","click","2026-04-17 22:38:09"
"430","115","view","2026-04-15 10:35:09"
"430","199","view","2026-04-17 09:43:09"
"430","17","view","2026-04-16 14:47:09"
"430","16","click","2026-04-21 02:17:09"
"430","137","view","2026-04-19 23:23:09"
"431","7","view","2026-03-17 04:48:09"
"431","57","click","2026-03-18 11:59:09"
"431","135","view","2026-03-20 10:44:09"
"431","107","view","2026-03-22 14:23:09"
"431","176","view","2026-03-22 22:08:09"
"431","66","view","2026-03-16 17:11:09"
"431","113","view","2026-03-21 09:15:09"
"431","61","click","2026-03-19 15:07:09"
"432","109","view","2026-03-27 12:54:09"
"432","158","view","2026-03-29 01:25:09"
"432","52","view","2026-03-26 05:44:09"
"432","189","view","2026-03-26 17:39:09"
"432","117","click","2026-04-01 12:18:09"
"432","149","click","2026-04-01 15:59:09"
"432","30","view","2026-04-03 17:45:09"
"432","117","view","2026-04-02 12:51:09"
"433","67","view","2026-03-09 01:34:09"
"433","97","view","2026-03-08 16:49:09"
"433","172","view","2026-03-12 02:47:09"
"433","24","view","2026-03-09 01:15:09"
"433","29","view","2026-03-11 22:38:09"
"433","28","add_to_cart","2026-03-12 23:29:09"
"433","131","view","2026-03-17 07:38:09"
"433","96","view","2026-03-12 09:31:09"
"434","158","view","2026-03-10 05:23:09"
"434","20","view","2026-03-12 01:51:09"
"434","152","add_to_cart","2026-03-09 20:38:09"
"434","54","view","2026-03-14 06:35:09"
"434","126","click","2026-03-12 13:13:09"
"434","55","view","2026-03-16 09:59:09"
"434","168","click","2026-03-16 02:54:09"
"434","86","view","2026-03-14 23:47:09"
"435","161","view","2026-03-12 13:21:09"
"435","195","view","2026-03-13 07:57:09"
"435","111","view","2026-03-12 16:11:09"
"435","66","view","2026-03-13 06:51:09"
"435","106","view","2026-03-15 14:13:09"
"435","153","click","2026-03-19 18:59:09"
"435","94","view","2026-03-22 08:36:09"
"435","197","view","2026-03-12 22:35:09"
"436","37","view","2026-03-13 05:35:09"
"436","70","view","2026-03-13 20:23:09"
"436","174","click","2026-03-15 11:56:09"
"436","193","click","2026-03-18 07:47:09"
"436","93","view","2026-03-14 16:48:09"
"436","140","add_to_cart","2026-03-21 15:05:09"
"436","189","add_to_cart","2026-03-20 17:03:09"
"436","72","click","2026-03-23 23:55:09"
"437","171","add_to_cart","2026-03-15 13:21:09"
"437","13","view","2026-03-18 03:13:09"
"437","183","click","2026-03-19 02:20:09"
"437","134","click","2026-03-18 10:35:09"
"437","136","view","2026-03-15 13:23:09"
"437","166","view","2026-03-24 13:23:09"
"437","143","view","2026-03-17 10:12:09"
"437","88","add_to_cart","2026-03-20 18:51:09"
"438","54","view","2026-03-19 02:28:09"
"438","11","view","2026-03-19 08:13:09"
"438","93","click","2026-03-22 09:38:09"
"438","193","click","2026-03-22 21:39:09"
"438","62","view","2026-03-23 19:08:09"
"438","61","view","2026-03-26 21:11:09"
"438","21","view","2026-03-23 20:34:09"
"438","73","click","2026-03-18 05:15:09"
"439","15","view","2026-03-26 05:40:09"
"439","89","click","2026-03-27 08:45:09"
"439","177","add_to_cart","2026-03-27 04:44:09"
"439","42","view","2026-03-26 09:39:09"
"439","196","view","2026-03-30 10:13:09"
"439","196","view","2026-04-03 23:53:09"
"439","89","view","2026-04-01 05:42:09"
"439","93","click","2026-03-31 12:27:09"
"440","40","click","2026-03-13 15:51:09"
"440","7","add_to_cart","2026-03-12 14:31:09"
"440","33","view","2026-03-14 15:20:09"
"440","138","view","2026-03-15 11:35:09"
"440","56","click","2026-03-17 10:08:09"
"440","139","click","2026-03-16 17:23:09"
"440","183","click","2026-03-22 09:39:09"
"440","163","click","2026-03-24 13:15:09"
"441","125","view","2026-03-31 06:15:09"
"441","2","click","2026-04-01 14:43:09"
"441","155","add_to_cart","2026-04-03 18:26:09"
"441","46","click","2026-03-31 20:55:09"
"441","99","view","2026-04-07 19:43:09"
"441","23","view","2026-04-01 11:35:09"
"441","136","view","2026-04-01 23:28:09"
"441","72","view","2026-04-12 15:23:09"
"442","111","view","2026-04-09 20:48:09"
"442","146","view","2026-04-11 06:37:09"
"442","65","view","2026-04-09 14:35:09"
"442","145","click","2026-04-13 19:19:09"
"442","66","view","2026-04-11 13:18:09"
"442","65","click","2026-04-13 23:05:09"
"442","71","view","2026-04-14 03:39:09"
"442","52","add_to_cart","2026-04-19 13:07:09"
"443","76","view","2026-03-14 20:41:09"
"443","57","view","2026-03-14 04:21:09"
"443","180","view","2026-03-16 19:29:09"
"443","132","add_to_cart","2026-03-17 12:19:09"
"443","147","click","2026-03-17 14:28:09"
"443","98","view","2026-03-23 14:35:09"
"443","115","view","2026-03-15 07:50:09"
"443","172","view","2026-03-19 22:43:09"
"444","186","click","2026-04-09 01:46:09"
"444","52","view","2026-04-08 09:13:09"
"444","143","view","2026-04-11 09:56:09"
"444","190","view","2026-04-11 07:31:09"
"444","83","view","2026-04-12 09:48:09"
"444","153","add_to_cart","2026-04-10 08:35:09"
"444","13","click","2026-04-13 16:15:09"
"444","17","click","2026-04-14 17:07:09"
"445","3","view","2026-03-14 08:57:09"
"445","95","view","2026-03-15 20:47:09"
"445","192","click","2026-03-17 03:53:09"
"445","160","add_to_cart","2026-03-14 06:07:09"
"445","53","click","2026-03-14 02:58:09"
"445","105","view","2026-03-16 06:23:09"
"445","6","click","2026-03-23 08:48:09"
"445","48","view","2026-03-15 12:51:09"
"446","44","click","2026-03-30 12:36:09"
"446","186","add_to_cart","2026-03-31 09:23:09"
"446","89","click","2026-04-02 01:47:09"
"446","86","view","2026-04-01 02:19:09"
"446","101","click","2026-04-04 14:03:09"
"446","44","view","2026-04-08 18:23:09"
"446","139","view","2026-04-03 16:34:09"
"446","83","click","2026-04-03 21:39:09"
"447","64","click","2026-03-25 08:48:09"
"447","140","click","2026-03-26 18:19:09"
"447","174","click","2026-03-26 16:32:09"
"447","66","view","2026-03-27 13:35:09"
"447","33","click","2026-03-27 07:48:09"
"447","199","view","2026-04-02 13:17:09"
"447","124","view","2026-03-31 13:38:09"
"447","116","click","2026-03-31 20:19:09"
"448","199","click","2026-03-25 15:22:09"
"448","6","view","2026-03-26 19:41:09"
"448","187","view","2026-03-28 21:02:09"
"448","70","click","2026-03-27 15:55:09"
"448","103","add_to_cart","2026-03-28 04:28:09"
"448","36","view","2026-04-02 11:41:09"
"448","28","view","2026-03-24 06:45:09"
"448","138","click","2026-04-01 19:15:09"
"449","50","view","2026-04-13 12:38:09"
"449","100","view","2026-04-13 10:55:09"
"449","102","view","2026-04-15 04:53:09"
"449","140","view","2026-04-17 18:35:09"
"449","125","add_to_cart","2026-04-18 08:33:09"
"449","157","click","2026-04-20 09:23:09"
"449","83","view","2026-04-12 23:12:09"
"449","123","view","2026-04-25 03:31:09"
"450","85","view","2026-03-18 02:43:09"
"450","16","view","2026-03-18 18:09:09"
"450","160","add_to_cart","2026-03-20 05:41:09"
"450","66","view","2026-03-19 06:19:09"
"450","73","view","2026-03-22 16:18:09"
"450","176","view","2026-03-18 12:59:09"
"450","51","view","2026-03-20 09:16:09"
"450","60","view","2026-03-19 16:27:09"
"451","29","click","2026-03-23 13:13:09"
"451","142","add_to_cart","2026-03-24 16:19:09"
"451","25","view","2026-03-24 08:59:09"
"451","199","click","2026-03-25 00:15:09"
"451","39","click","2026-03-31 03:23:09"
"451","145","click","2026-03-26 02:29:09"
"451","139","view","2026-03-24 00:15:09"
"451","146","click","2026-04-02 18:27:09"
"452","171","view","2026-03-31 03:11:09"
"452","21","view","2026-04-01 20:15:09"
"452","154","add_to_cart","2026-04-02 14:59:09"
"452","163","click","2026-03-30 17:31:09"
"452","88","view","2026-04-03 11:33:09"
"452","160","view","2026-04-08 15:59:09"
"452","124","click","2026-04-02 18:45:09"
"452","96","view","2026-04-03 04:03:09"
"453","116","click","2026-03-21 03:46:09"
"453","24","view","2026-03-23 14:45:09"
"453","6","view","2026-03-25 22:59:09"
"453","29","view","2026-03-25 18:23:09"
"453","86","click","2026-03-21 20:28:09"
"453","120","add_to_cart","2026-03-29 17:11:09"
"453","81","click","2026-04-01 15:24:09"
"453","119","view","2026-03-26 21:23:09"
"454","187","add_to_cart","2026-03-18 16:17:09"
"454","128","add_to_cart","2026-03-21 07:11:09"
"454","65","click","2026-03-23 00:50:09"
"454","13","view","2026-03-22 18:11:09"
"454","44","click","2026-03-25 09:43:09"
"454","1","click","2026-03-20 03:11:09"
"454","195","view","2026-03-22 09:34:09"
"454","71","view","2026-03-18 11:47:09"
"455","171","view","2026-03-20 09:37:09"
"455","183","view","2026-03-22 20:53:09"
"455","11","click","2026-03-23 10:05:09"
"455","53","click","2026-03-22 11:27:09"
"455","147","view","2026-03-27 02:28:09"
"455","98","view","2026-03-25 18:41:09"
"455","165","view","2026-03-22 08:48:09"
"455","9","view","2026-03-30 07:39:09"
"456","167","click","2026-03-12 21:39:09"
"456","121","view","2026-03-13 12:17:09"
"456","145","view","2026-03-13 03:35:09"
"456","109","view","2026-03-15 00:51:09"
"456","27","click","2026-03-12 04:03:09"
"456","187","view","2026-03-16 03:59:09"
"456","144","click","2026-03-19 23:26:09"
"456","99","click","2026-03-18 15:47:09"
"457","129","view","2026-03-11 11:00:09"
"457","85","view","2026-03-13 09:15:09"
"457","35","view","2026-03-12 15:56:09"
"457","22","view","2026-03-12 07:35:09"
"457","98","view","2026-03-11 21:38:09"
"457","173","click","2026-03-12 12:05:09"
"457","37","view","2026-03-21 02:20:09"
"457","55","view","2026-03-22 15:23:09"
"458","28","add_to_cart","2026-04-04 09:18:09"
"458","84","view","2026-04-03 21:25:09"
"458","57","view","2026-04-03 16:35:09"
"458","41","click","2026-04-03 19:39:09"
"458","119","add_to_cart","2026-04-06 02:33:09"
"458","168","view","2026-04-06 23:47:09"
"458","102","click","2026-04-11 20:47:09"
"458","11","click","2026-04-10 17:07:09"
"459","171","view","2026-04-03 03:55:09"
"459","4","view","2026-04-03 08:29:09"
"459","96","view","2026-04-04 09:59:09"
"459","133","view","2026-04-09 02:35:09"
"459","66","view","2026-04-09 05:58:09"
"459","181","click","2026-04-06 00:35:09"
"459","71","view","2026-04-11 20:54:09"
"459","152","view","2026-04-08 03:47:09"
"460","144","view","2026-03-18 21:19:09"
"460","100","add_to_cart","2026-03-18 09:07:09"
"460","19","view","2026-03-18 06:17:09"
"460","43","view","2026-03-22 11:47:09"
"460","194","click","2026-03-19 16:33:09"
"460","69","view","2026-03-25 19:17:09"
"460","56","click","2026-03-25 02:54:09"
"460","60","click","2026-03-18 08:43:09"
"461","187","view","2026-03-10 02:00:09"
"461","197","view","2026-03-09 06:23:09"
"461","91","click","2026-03-09 08:05:09"
"461","30","view","2026-03-15 02:19:09"
"461","50","view","2026-03-14 18:13:09"
"461","150","view","2026-03-18 12:11:09"
"461","139","add_to_cart","2026-03-10 13:54:09"
"461","148","view","2026-03-12 06:51:09"
"462","180","view","2026-03-13 09:04:09"
"462","25","click","2026-03-15 17:27:09"
"462","72","view","2026-03-13 02:50:09"
"462","196","click","2026-03-19 12:15:09"
"462","65","click","2026-03-18 21:58:09"
"462","73","click","2026-03-18 05:11:09"
"462","42","view","2026-03-16 09:39:09"
"462","195","view","2026-03-21 13:07:09"
"463","186","view","2026-03-16 02:49:09"
"463","83","view","2026-03-17 14:45:09"
"463","146","click","2026-03-19 00:50:09"
"463","38","add_to_cart","2026-03-17 02:59:09"
"463","150","view","2026-03-18 11:53:09"
"463","22","view","2026-03-22 21:05:09"
"463","41","click","2026-03-27 17:09:09"
"463","146","view","2026-03-18 01:39:09"
"464","163","add_to_cart","2026-03-14 02:27:09"
"464","80","click","2026-03-15 14:31:09"
"464","64","view","2026-03-14 11:17:09"
"464","143","view","2026-03-18 12:35:09"
"464","104","view","2026-03-20 09:08:09"
"464","120","add_to_cart","2026-03-13 18:47:09"
"464","106","view","2026-03-21 21:22:09"
"464","3","view","2026-03-21 01:31:09"
"465","70","add_to_cart","2026-04-08 18:20:09"
"465","58","view","2026-04-10 02:45:09"
"465","40","view","2026-04-09 08:35:09"
"465","23","click","2026-04-09 19:27:09"
"465","190","click","2026-04-15 03:23:09"
"465","178","view","2026-04-16 19:23:09"
"465","106","view","2026-04-13 23:15:09"
"465","59","view","2026-04-10 09:23:09"
"466","133","view","2026-04-11 05:53:09"
"466","156","view","2026-04-11 07:19:09"
"466","160","view","2026-04-15 18:38:09"
"466","76","view","2026-04-14 01:03:09"
"466","63","view","2026-04-14 09:03:09"
"466","145","view","2026-04-20 19:29:09"
"466","124","view","2026-04-16 18:28:09"
"466","60","click","2026-04-17 14:35:09"
"467","139","view","2026-04-05 07:22:09"
"467","57","view","2026-04-08 04:39:09"
"467","113","view","2026-04-08 04:17:09"
"467","92","click","2026-04-10 11:07:09"
"467","35","view","2026-04-09 04:53:09"
"467","156","view","2026-04-06 10:53:09"
"467","169","view","2026-04-07 05:46:09"
"467","162","view","2026-04-08 16:11:09"
"468","22","view","2026-03-20 06:50:09"
"468","124","view","2026-03-21 20:33:09"
"468","184","view","2026-03-23 18:44:09"
"468","188","view","2026-03-23 16:47:09"
"468","106","view","2026-03-27 11:28:09"
"468","188","click","2026-03-20 14:29:09"
"468","1","view","2026-03-26 06:43:09"
"468","111","view","2026-03-29 17:15:09"
"469","4","click","2026-04-12 15:47:09"
"469","67","click","2026-04-13 05:41:09"
"469","21","view","2026-04-15 20:23:09"
"469","37","view","2026-04-15 10:11:09"
"469","37","add_to_cart","2026-04-16 19:23:09"
"469","145","click","2026-04-17 13:29:09"
"469","159","view","2026-04-18 15:23:09"
"469","50","click","2026-04-19 17:15:09"
"470","9","view","2026-03-28 10:10:09"
"470","193","click","2026-03-27 13:57:09"
"470","131","click","2026-03-27 19:41:09"
"470","61","click","2026-03-30 17:43:09"
"470","196","view","2026-03-28 02:13:09"
"470","102","view","2026-04-04 10:05:09"
"470","200","view","2026-03-28 21:22:09"
"470","115","view","2026-04-03 13:07:09"
"471","24","add_to_cart","2026-04-04 17:49:09"
"471","131","view","2026-04-06 05:31:09"
"471","109","view","2026-04-08 02:50:09"
"471","96","add_to_cart","2026-04-06 14:47:09"
"471","23","click","2026-04-09 18:28:09"
"471","12","view","2026-04-04 16:05:09"
"471","79","view","2026-04-13 11:57:09"
"471","4","add_to_cart","2026-04-15 11:55:09"
"472","89","click","2026-03-18 05:55:09"
"472","79","view","2026-03-19 22:21:09"
"472","149","view","2026-03-17 15:44:09"
"472","58","add_to_cart","2026-03-22 14:59:09"
"472","127","view","2026-03-19 03:33:09"
"472","132","view","2026-03-25 05:59:09"
"472","108","view","2026-03-24 09:33:09"
"472","170","add_to_cart","2026-03-30 01:15:09"
"473","159","view","2026-03-10 13:10:09"
"473","41","view","2026-03-10 18:23:09"
"473","26","view","2026-03-09 17:17:09"
"473","140","view","2026-03-09 03:51:09"
"473","155","add_to_cart","2026-03-16 17:28:09"
"473","192","view","2026-03-17 15:11:09"
"473","187","view","2026-03-12 17:49:09"
"473","35","add_to_cart","2026-03-22 01:07:09"
"474","166","view","2026-04-07 11:27:09"
"474","123","click","2026-04-09 08:33:09"
"474","149","add_to_cart","2026-04-08 10:02:09"
"474","117","click","2026-04-08 14:11:09"
"474","26","view","2026-04-10 12:18:09"
"474","181","view","2026-04-14 19:59:09"
"474","60","click","2026-04-17 09:27:09"
"474","137","view","2026-04-18 10:51:09"
"475","17","add_to_cart","2026-04-13 18:38:09"
"475","191","view","2026-04-14 19:45:09"
"475","38","view","2026-04-17 22:59:09"
"475","65","click","2026-04-14 07:43:09"
"475","91","view","2026-04-19 10:08:09"
"475","125","view","2026-04-20 05:23:09"
"475","127","view","2026-04-19 19:33:09"
"475","50","click","2026-04-14 07:55:09"
"476","181","click","2026-03-30 13:37:09"
"476","9","click","2026-03-30 10:45:09"
"476","195","click","2026-04-02 07:41:09"
"476","20","view","2026-03-30 07:43:09"
"476","43","view","2026-04-01 09:13:09"
"476","12","view","2026-03-31 14:23:09"
"476","136","view","2026-04-04 16:03:09"
"476","76","click","2026-04-03 09:39:09"
"477","198","click","2026-03-28 07:26:09"
"477","164","click","2026-03-29 14:41:09"
"477","97","click","2026-03-28 09:02:09"
"477","89","view","2026-03-30 01:27:09"
"477","161","add_to_cart","2026-04-04 16:53:09"
"477","172","add_to_cart","2026-04-02 16:05:09"
"477","11","click","2026-04-03 14:11:09"
"477","13","click","2026-04-08 04:11:09"
"478","45","view","2026-04-10 04:06:09"
"478","157","add_to_cart","2026-04-11 03:37:09"
"478","78","view","2026-04-11 02:23:09"
"478","151","click","2026-04-09 10:11:09"
"478","148","view","2026-04-11 15:48:09"
"478","32","click","2026-04-11 15:05:09"
"478","53","click","2026-04-10 18:41:09"
"478","130","click","2026-04-22 03:07:09"
"479","44","view","2026-04-15 03:49:09"
"479","58","view","2026-04-17 03:31:09"
"479","73","add_to_cart","2026-04-16 11:05:09"
"479","68","view","2026-04-20 21:39:09"
"479","57","add_to_cart","2026-04-15 12:48:09"
"479","178","view","2026-04-20 14:35:09"
"479","12","click","2026-04-23 22:25:09"
"479","190","view","2026-04-22 12:59:09"
"480","136","view","2026-04-05 07:32:09"
"480","101","click","2026-04-06 22:57:09"
"480","38","view","2026-04-05 09:23:09"
"480","151","view","2026-04-09 00:43:09"
"480","66","view","2026-04-12 14:03:09"
"480","106","click","2026-04-09 05:41:09"
"480","23","add_to_cart","2026-04-15 09:39:09"
"480","167","add_to_cart","2026-04-08 05:23:09"
"481","78","view","2026-04-12 18:37:09"
"481","137","view","2026-04-12 23:59:09"
"481","111","click","2026-04-13 02:17:09"
"481","146","view","2026-04-14 03:15:09"
"481","67","view","2026-04-17 19:58:09"
"481","178","view","2026-04-12 04:17:09"
"481","92","click","2026-04-15 14:47:09"
"481","40","click","2026-04-23 03:47:09"
"482","65","view","2026-04-10 08:39:09"
"482","5","view","2026-04-12 04:05:09"
"482","39","add_to_cart","2026-04-13 10:32:09"
"482","2","view","2026-04-12 10:07:09"
"482","136","view","2026-04-10 04:38:09"
"482","102","view","2026-04-19 00:41:09"
"482","45","view","2026-04-12 11:31:09"
"482","187","add_to_cart","2026-04-14 20:19:09"
"483","37","click","2026-03-24 06:10:09"
"483","171","view","2026-03-23 19:45:09"
"483","70","view","2026-03-25 13:35:09"
"483","77","view","2026-03-23 17:39:09"
"483","129","click","2026-03-26 13:38:09"
"483","139","view","2026-03-31 21:11:09"
"483","43","view","2026-03-29 22:56:09"
"483","14","view","2026-03-31 22:27:09"
"484","169","click","2026-03-13 02:14:09"
"484","31","click","2026-03-14 01:15:09"
"484","128","add_to_cart","2026-03-12 03:41:09"
"484","191","click","2026-03-16 04:59:09"
"484","187","view","2026-03-13 00:28:09"
"484","176","view","2026-03-14 17:05:09"
"484","72","add_to_cart","2026-03-12 23:33:09"
"484","88","view","2026-03-18 15:47:09"
"485","50","view","2026-03-12 10:36:09"
"485","109","view","2026-03-14 17:45:09"
"485","171","view","2026-03-13 16:26:09"
"485","68","view","2026-03-14 15:19:09"
"485","113","view","2026-03-13 05:03:09"
"485","99","view","2026-03-15 16:29:09"
"485","13","click","2026-03-21 20:28:09"
"485","50","view","2026-03-12 15:31:09"
"486","195","view","2026-03-28 11:49:09"
"486","83","view","2026-03-27 04:23:09"
"486","47","view","2026-03-31 16:17:09"
"486","72","click","2026-04-02 06:35:09"
"486","175","view","2026-03-29 02:18:09"
"486","178","click","2026-04-04 08:41:09"
"486","15","click","2026-03-30 15:43:09"
"486","13","add_to_cart","2026-04-07 12:19:09"
"487","103","view","2026-03-21 06:33:09"
"487","188","click","2026-03-21 06:11:09"
"487","107","view","2026-03-26 00:17:09"
"487","67","click","2026-03-27 01:27:09"
"487","181","view","2026-03-21 10:03:09"
"487","200","view","2026-03-27 20:11:09"
"487","108","view","2026-03-23 09:51:09"
"487","158","click","2026-04-02 21:55:09"
"488","166","view","2026-03-09 03:54:09"
"488","58","view","2026-03-08 23:09:09"
"488","45","view","2026-03-10 13:29:09"
"488","90","click","2026-03-09 07:59:09"
"488","12","click","2026-03-13 11:13:09"
"488","31","view","2026-03-10 09:47:09"
"488","131","view","2026-03-16 23:28:09"
"488","1","click","2026-03-12 18:19:09"
"489","118","view","2026-03-27 07:40:09"
"489","46","click","2026-03-26 04:25:09"
"489","199","view","2026-03-29 10:47:09"
"489","80","add_to_cart","2026-03-31 04:35:09"
"489","58","click","2026-03-31 06:18:09"
"489","61","view","2026-04-04 14:17:09"
"489","81","view","2026-03-31 18:42:09"
"489","41","click","2026-03-29 23:07:09"
"490","52","click","2026-03-21 17:07:09"
"490","73","click","2026-03-22 21:45:09"
"490","166","add_to_cart","2026-03-24 22:14:09"
"490","49","view","2026-03-21 14:27:09"
"490","102","view","2026-03-28 06:28:09"
"490","184","view","2026-03-22 18:05:09"
"490","99","view","2026-03-29 14:01:09"
"490","173","click","2026-03-28 18:19:09"
"491","4","add_to_cart","2026-03-29 15:02:09"
"491","152","click","2026-03-29 11:01:09"
"491","132","click","2026-04-01 02:11:09"
"491","136","click","2026-03-29 05:23:09"
"491","31","click","2026-03-31 18:18:09"
"491","10","add_to_cart","2026-03-31 17:05:09"
"491","185","click","2026-04-07 08:08:09"
"491","166","view","2026-04-08 00:59:09"
"492","11","view","2026-03-26 09:53:09"
"492","178","click","2026-03-26 10:07:09"
"492","63","click","2026-03-25 21:41:09"
"492","200","click","2026-03-29 19:47:09"
"492","61","view","2026-04-01 07:58:09"
"492","138","view","2026-03-26 22:35:09"
"492","164","view","2026-03-26 22:11:09"
"492","49","view","2026-04-05 19:07:09"
"493","39","view","2026-03-12 13:40:09"
"493","3","click","2026-03-13 23:39:09"
"493","181","add_to_cart","2026-03-13 16:02:09"
"493","186","click","2026-03-16 13:15:09"
"493","192","click","2026-03-15 07:28:09"
"493","53","view","2026-03-13 16:41:09"
"493","175","view","2026-03-13 22:25:09"
"493","178","view","2026-03-15 21:07:09"
"494","42","view","2026-03-23 15:07:09"
"494","139","view","2026-03-24 07:47:09"
"494","43","view","2026-03-22 07:14:09"
"494","158","view","2026-03-23 18:55:09"
"494","83","view","2026-03-27 02:08:09"
"494","168","view","2026-03-30 20:11:09"
"494","24","view","2026-03-22 22:44:09"
"494","193","view","2026-04-02 02:19:09"
"495","73","view","2026-04-11 04:40:09"
"495","85","view","2026-04-11 03:33:09"
"495","158","click","2026-04-14 13:17:09"
"495","194","view","2026-04-14 15:31:09"
"495","4","view","2026-04-11 05:58:09"
"495","148","click","2026-04-11 10:53:09"
"495","36","view","2026-04-15 13:25:09"
"495","73","view","2026-04-11 10:11:09"
"496","193","view","2026-04-06 15:07:09"
"496","63","view","2026-04-06 10:21:09"
"496","108","click","2026-04-07 05:20:09"
"496","72","view","2026-04-09 16:27:09"
"496","3","click","2026-04-08 17:43:09"
"496","105","add_to_cart","2026-04-08 20:11:09"
"496","83","click","2026-04-11 04:30:09"
"496","170","view","2026-04-14 12:03:09"
"497","10","view","2026-04-08 11:53:09"
"497","67","view","2026-04-10 06:57:09"
"497","145","click","2026-04-12 19:08:09"
"497","33","view","2026-04-11 22:27:09"
"497","195","view","2026-04-09 08:03:09"
"497","165","view","2026-04-11 20:17:09"
"497","173","click","2026-04-18 17:42:09"
"497","56","add_to_cart","2026-04-16 21:23:09"
"498","27","view","2026-03-14 15:30:09"
"498","149","view","2026-03-16 06:23:09"
"498","49","click","2026-03-16 06:11:09"
"498","85","click","2026-03-17 10:03:09"
"498","63","view","2026-03-14 03:33:09"
"498","85","view","2026-03-18 02:29:09"
"498","174","click","2026-03-24 13:25:09"
"498","61","view","2026-03-24 07:39:09"
"499","93","add_to_cart","2026-03-22 11:37:09"
"499","37","view","2026-03-23 05:41:09"
"499","50","click","2026-03-25 23:26:09"
"499","149","add_to_cart","2026-03-24 09:35:09"
"499","62","add_to_cart","2026-03-21 08:33:09"
"499","129","click","2026-03-27 05:59:09"
"499","120","click","2026-03-24 07:47:09"
"499","14","view","2026-03-30 08:27:09"
"500","1","click","2026-04-15 12:36:09"
"500","191","view","2026-04-17 02:35:09"
"500","141","view","2026-04-18 07:32:09"
"500","42","view","2026-04-19 19:51:09"
"500","37","click","2026-04-19 07:18:09"
"500","164","view","2026-04-15 07:23:09"
"500","184","view","2026-04-24 11:22:09"
"500","104","click","2026-04-18 02:11:09"
